State,District,NAME
Andaman and Nicobar,ANDAMAN,Andaman Islands
Andaman and Nicobar,ANDAMAN & NICOBAR ISLANDS,Andaman and Nicobar
Andaman and Nicobar,ANDAMAN AND NICOBAR ISLANDS,Andaman and Nicobar
Andaman and Nicobar,ANDMAN AND NICOBAR ISLANDS,Andaman and Nicobar
Andaman and Nicobar,DIGLIPUR,North and Middle Andaman
Andaman and Nicobar,FERRAS GUNG,NA
Andaman and Nicobar,MAYA BUNDAR,North and Middle Andaman
Andaman and Nicobar,N & M ANDA,North and Middle Andaman
Andaman and Nicobar,NICOBAR,Nicobar Islands
Andaman and Nicobar,NICOBARS,Nicobar Islands
Andaman and Nicobar,NORTH AND MIDDLE,North and Middle Andaman
Andaman and Nicobar,NORTH AND MIDDLE ANDAMAN,North and Middle Andaman
Andaman and Nicobar,PORT BLAIR,South Andaman
Andaman and Nicobar,RANGAT,North and Middle Andaman
Andaman and Nicobar,SOUTH ANDAMAN,South Andaman
Andaman and Nicobar,SOUTH ANDAMANS,South Andaman
Andaman and Nicobar,TOTAL,Total
Andhra Pradesh,ADIABAD,Adilabad
Andhra Pradesh,ADILABAD,Adilabad
Andhra Pradesh,ANANTAPUR,Anantapur
Andhra Pradesh,ANANTHAPUR,Anantapur
Andhra Pradesh,ANDHRA PRADESH,Andhra Pradesh
Andhra Pradesh,ANDHRA PRADESH (UNDIVIDED),Andhra Pradesh
Andhra Pradesh,CHECK,NA
Andhra Pradesh,CHITTOOR,Chittoor
Andhra Pradesh,CUDDAPAH,Cuddapah
Andhra Pradesh,EAST GODAVARI,East Godavari
Andhra Pradesh,GUNTUR,Guntur
Andhra Pradesh,HYDERABAD,Hyderabad
Andhra Pradesh,KADAPA,Cuddapah
Andhra Pradesh,KARIMNAGAR,Karimnagar
Andhra Pradesh,KHAMMAM,Khammam
Andhra Pradesh,KHAMMAMETH(KHAMMAM),Khammam
Andhra Pradesh,KHAMMAN,Khammam
Andhra Pradesh,KRISHANA,Krishna
Andhra Pradesh,KRISHNA,Krishna
Andhra Pradesh,KURNOOL,Kurnool
Andhra Pradesh,MAHABOOB NAGAR,Mahbubnagar
Andhra Pradesh,MAHABOOBNAGAR,Mahbubnagar
Andhra Pradesh,MAHABUBNAGAR,Mahbubnagar
Andhra Pradesh,MAHBOOBNAGAR,Mahbubnagar
Andhra Pradesh,MAHBUBNAGAR,Mahbubnagar
Andhra Pradesh,MEDAK,Medak
Andhra Pradesh,MEHBOOBNAGAR,Mahbubnagar
Andhra Pradesh,MEHBUBNAGAR,Mahbubnagar
Andhra Pradesh,NALGONDA,Nalgonda
Andhra Pradesh,NELLORE,Nellore
Andhra Pradesh,NIZAMABAD,Nizamabad
Andhra Pradesh,ONGALE,Prakasam
Andhra Pradesh,PRAKASAM,Prakasam
Andhra Pradesh,PRAKASHAM,Prakasam
Andhra Pradesh,RANGAREDDI,Rangareddi
Andhra Pradesh,RANGA REDDY,Rangareddi
Andhra Pradesh,RANGAREDDEY,Rangareddi
Andhra Pradesh,RANGAREDDY,Rangareddi
Andhra Pradesh,S.P.S. NELLORE,Nellore
Andhra Pradesh,SPSR NELLORE,Nellore
Andhra Pradesh,SRI POTTI SRIRAMULU NELLORE,Nellore
Andhra Pradesh,SRIKAKULAM,Srikakulam
Andhra Pradesh,SRIKAKULUM,Srikakulam
Andhra Pradesh,TOTAL,Total
Andhra Pradesh,VIJAYA NAGARAM,Vizianagaram
Andhra Pradesh,VIJIANAGARAM,Vizianagaram
Andhra Pradesh,VISAKHAPATANAM,Vishakhapatnam
Andhra Pradesh,VISAKHAPATNAM,Vishakhapatnam
Andhra Pradesh,VISHAKHAPATNAM,Vishakhapatnam
Andhra Pradesh,VIZIANAGARAM,Vizianagaram
Andhra Pradesh,VIZIANAGRAM,Vizianagaram
Andhra Pradesh,WARANGAL,Warangal
Andhra Pradesh,WARRANGAL,Warangal
Andhra Pradesh,WEST GODAVAR,West Godavari
Andhra Pradesh,WEST GODAVARI,West Godavari
Andhra Pradesh,Y.S.R. - CUDDAPAH,Cuddapah
Andhra Pradesh,Y.S.R. KADAPA,Cuddapah
Arunachal Pradesh,ANJAW,Anjaw
Arunachal Pradesh,ARUNACHAL PRADESH,Arunachal Pradesh
Arunachal Pradesh,CHANGLANG,Changlang
Arunachal Pradesh,DIBANG VALLEY,Dibang Valley
Arunachal Pradesh,EAST KAMENG,East Kameng
Arunachal Pradesh,EAST SIANG,East Siang
Arunachal Pradesh,KURUNG KUMEY,Kurung Kumey
Arunachal Pradesh,LOHIT,Lohit
Arunachal Pradesh,LOWER DIBANG,Lower Dibang Valley
Arunachal Pradesh,LOWER DIBANG VALLEY,Lower Dibang Valley
Arunachal Pradesh,LOWER SUBANSIRI,Lower Subansiri
Arunachal Pradesh,PAPUM PARE,Papum Pare
Arunachal Pradesh,PAPUMPARE,Papum Pare
Arunachal Pradesh,PAUMPARE,Papum Pare
Arunachal Pradesh,TAWANG,Tawang
Arunachal Pradesh,TIRAP,Tirap
Arunachal Pradesh,TOTAL,Total
Arunachal Pradesh,UPPER DIBANG VALLEY,Upper Dibang Valley
Arunachal Pradesh,UPPER SIANG,Upper Siang
Arunachal Pradesh,UPPER SUBANSIRI,Upper Subansiri
Arunachal Pradesh,WEST KAMENG,West Kameng
Arunachal Pradesh,WEST SIANG,West Siang
Assam,ASSAM,Assam
Assam,BAKSA,Baksa
Assam,BALIPARA,Balipara Frontier Tract
Assam,BALIPARA FRONTIER TRACT,Balipara Frontier Tract
Assam,BARPETA,Barpeta
Assam,BARPETTA,Barpeta
Assam,BONGAIGAON,Bongaigaon
Assam,CACHAR,Cachar
Assam,CHECK,NA
Assam,CHIRANG,Chirang
Assam,DARRANG,Darrang
Assam,DEBRUGARH,Dibrugarh
Assam,DHEMAJI,Dhemaji
Assam,DHUBRI,Dhuburi
Assam,DIBRUGARH,Dibrugarh
Assam,DIMA HASAO,North Cachar Hills
Assam,DIMA HASAO / NORTH CACHAR HILLS,North Cachar Hills
Assam,GARO HILLS,Garo Hills
Assam,GOALPARA,Goalpara
Assam,GOLAGHAT,Golaghat
Assam,HAILAKANDI,Hailakandi
Assam,JORHAT,Jorhat
Assam,K. ANGLONG,Karbi Anglong
Assam,KAMRUP,Kamrup
Assam,KAMRUP ( RURAL ),Kamrup
Assam,KAMRUP METRO,Kamrup Metropolitan
Assam,KAMRUP METROPOLITAN,Kamrup Metropolitan
Assam,KARBI ANGLONG,Karbi Anglong
Assam,KARBI-ANGLONG,Karbi Anglong
Assam,KARBIANGLONG,Karbi Anglong
Assam,KARIMGANJ,Karimganj
Assam,KHASI & JAINTIA HILLS,Khasi and Jaintia Hills
Assam,KOKRAJHAR,Kokrajhar
Assam,LAKHIMPUR,Lakhimpur
Assam,LUSHAI HILLS,Lushai Hills
Assam,MARIGAON,Marigaon
Assam,MIKIR & N.C.HILLS,United Mikir Hills and North Cachar Hills
Assam,MIKIR HILLS,Karbi Anglong
Assam,MIZO,Lushai Hills
Assam,MORIGAON,Marigaon
Assam,MORIGON,Marigaon
Assam,N C HILLS,North Cachar Hills
Assam,N.C. HILLS,North Cachar Hills
Assam,N.C.HILLS,North Cachar Hills
Assam,NAGA HILLS,Naga Hills
Assam,NAGAON,Nagaon
Assam,NAGOAN,Nagaon
Assam,NALBARI,Nalbari
Assam,NC HILLS,North Cachar Hills
Assam,NORTH CACHAR HILLS,North Cachar Hills
Assam,NOWGONG,Nagaon
Assam,SADIYA FRONTIER TRACT,Sadiya Frontier Tract
Assam,SIBASAGAR,Sibsagar
Assam,SIBSAGAR,Sibsagar
Assam,SIVASAGAR,Sibsagar
Assam,SONIPUR,Sonitpur
Assam,SONITPUR,Sonitpur
Assam,TINSUKIA,Tinsukia
Assam,TIRAP FRONTIER TRACT,Tirap
Assam,TOTAL,Total
Assam,UDALGURI,Udalguri
Assam,UNITED K & J HILL,Khasi and Jaintia Hills
Assam,UNITED MIKAR AND H.C.HILLS,United Mikir Hills and North Cachar Hills
Assam,UNITED MIKIR NORTH CACHAR HILLS,United Mikir Hills and North Cachar Hills
Bihar,AARREYA,Araria
Bihar,ARARIA,Araria
Bihar,ARVAL,Arwal
Bihar,ARWAL,Arwal
Bihar,AURANGABAD,Aurangabad
Bihar,BANKA,Banka
Bihar,BEGUSARAI,Begusarai
Bihar,BEGYSARAI,Begusarai
Bihar,BHABHUA,Bhabua
Bihar,BHABUA,Bhabua
Bihar,BHAGALPUR,Bhagalpur
Bihar,BHOJPUR,Bhojpur
Bihar,BIHAR,Bihar
Bihar,BOKARO,Bokaro
Bihar,BUXAR,Buxar
Bihar,BUXER,Buxar
Bihar,CHAMPARAN,Champaran
Bihar,CHAMPARAN (EAST),Purba Champaran
Bihar,CHAMPARAN (WES),Pashchim Champaran
Bihar,CHAMPARAN (WEST),Pashchim Champaran
Bihar,CHAMPARAN EAST,Purba Champaran
Bihar,CHAMPARAN WEST,Pashchim Champaran
Bihar,CHATRA,Chatra
Bihar,CHECK,NA
Bihar,CHITRA,Chatra
Bihar,DARBHANGA,Darbhanga
Bihar,DEOGHAR,Deoghar
Bihar,DHANBAD,Dhanbad
Bihar,DHUMKA,Dumka
Bihar,DUMKA,Dumka
Bihar,EAST / PURBA CHAMPARAN,Purba Champaran
Bihar,EAST CHAMPARAN,Purba Champaran
Bihar,EAST SINGHBHUM,Purba Singhbhum
Bihar,GADHWA,Garhwa
Bihar,GARHWA,Garhwa
Bihar,GAYA,Gaya
Bihar,GIRIDIH,Giridih
Bihar,GODDA,Godda
Bihar,GONDA,Godda
Bihar,GOPAALGANJ,Gopalganj
Bihar,GOPALGANJ,Gopalganj
Bihar,GUMALA,Gumla
Bihar,GUMLA,Gumla
Bihar,HAZARIBAG,Hazaribag
Bihar,HAZARIBAGH,Hazaribag
Bihar,JAHANABAD,Jehanabad
Bihar,JAMUI,Jamui
Bihar,JEHANABAD,Jehanabad
Bihar,JHABHUA,Bhabua
Bihar,KAIMUR - BHABUA,Bhabua
Bihar,KAIMUR (BHABUA),Bhabua
Bihar,KAITHAR,Katihar
Bihar,KATIHAR,Katihar
Bihar,KHAGARIA,Khagaria
Bihar,KISHANGANJ,Kishanganj
Bihar,KODARMA,Koderma
Bihar,LAKHISARAI,Lakhisarai
Bihar,LOHARDAGA,Lohardaga
Bihar,LOHARDAGGA,Lohardaga
Bihar,MADHEPURA,Madhepura
Bihar,MADHUBANI,Madhubani
Bihar,MADHUPURA,Madhepura
Bihar,MANBHUM,Manbhum
Bihar,MONGHYR,Munger
Bihar,MUNGAIR,Munger
Bihar,MUNGER,Munger
Bihar,MUZAFARPUR,Muzaffarpur
Bihar,MUZAFFARNAGAR,Muzaffarpur
Bihar,MUZAFFARPUR,Muzaffarpur
Bihar,NALANDA,Nalanda
Bihar,NAWADA,Nawada
Bihar,NAWADAH,Nawada
Bihar,NAWADHA,Nawada
Bihar,PAKUR,Pakur
Bihar,PALAMAN,Palamu
Bihar,PALAMAU,Palamu
Bihar,PALAMU,Palamu
Bihar,PALMAU,Palamu
Bihar,PASHCHIM CHAMPARAN,Pashchim Champaran
Bihar,PATNA,Patna
Bihar,PURBA CHAMPARAN,Purba Champaran
Bihar,PURBI CHAMPARAN,Purba Champaran
Bihar,PURNEA,Purnia
Bihar,PURNIA,Purnia
Bihar,RANCHI,Ranchi
Bihar,ROHTAS,Rohtas
Bihar,ROHTAS(SASARAM),Rohtas
Bihar,S. PARGANA,Dumka
Bihar,S. PARGANAS,Dumka
Bihar,S.PARGANAS,Dumka
Bihar,SAHABAD,Shahabad
Bihar,SAHARSA,Saharsa
Bihar,SAHEBGANJ,Sahibganj
Bihar,SAMASTIPUR,Samastipur
Bihar,SAMISTIPUR,Samastipur
Bihar,SANTHAL PARAGANA,Dumka
Bihar,SANTHAL PARGANA,Dumka
Bihar,SANTHAL PARGANAS,Dumka
Bihar,SAPAUL,Supaul
Bihar,SARAN,Saran
Bihar,SHAHABAD,Shahabad
Bihar,SHEIKHPURA,Sheikhpura
Bihar,SHEKHPURA,Sheikhpura
Bihar,SHEOHAR,Sheohar
Bihar,SINGBHUM,Singhbhum
Bihar,SINGHBHUM,Singhbhum
Bihar,SINGHBHUM EAST,Purba Singhbhum
Bihar,SINGHBHUM WEST,Pashchim Singhbhum
Bihar,SINGHBHUMI (E),Purba Singhbhum
Bihar,SINGHBHUMI (W),Pashchim Singhbhum
Bihar,SITAMARHI,Sitamarhi
Bihar,SIVHAR,Sheohar
Bihar,SIWAN,Siwan
Bihar,SUPAUL,Supaul
Bihar,TOTAL,Total
Bihar,VAISALI,Vaishali
Bihar,VAISHALI,Vaishali
Bihar,WEST / PASHCHIM CHAMPARAN,Pashchim Champaran
Bihar,WEST CHAMPARAN,Pashchim Champaran
Bihar,WEST SINGHBHUM,Pashchim Singhbhum
Bombay,AHMEDABAD,Ahmadabad
Bombay,AHMEDNAGAR,Ahmednagar
Bombay,AMRELI,Amreli
Bombay,BANAS KANTHA,Banas Kantha
Bombay,BARODA,Vadodara
Bombay,BELGAUM,Belgaum
Bombay,BIJAPUR,Bijapur
Bombay,BOMBAY SUBURBAN,Mumbai Suburban
Bombay,BROACH,Bharuch
Bombay,DANGS,The Dangs
Bombay,DHARWAR,Dharwad
Bombay,EAST KHANDESH,Jalgaon
Bombay,KAIRA,Kheda
Bombay,KANARA,Kanara
Bombay,KOLABA,Raigarh
Bombay,KOLHAPUR,Kolhapur
Bombay,MEHSANA,Mahesana
Bombay,NASIK,Nashik
Bombay,PANCH MAHALS,Panch Mahals
Bombay,POONA,Pune
Bombay,RATNAGARI,Ratnagiri
Bombay,SABARKANTHA,Sabar Kantha
Bombay,SATARA NORTH,Satara North
Bombay,SATARA SOUTH,Satara South
Bombay,SHOLAPUR,Solapur
Bombay,SURAT,Surat
Bombay,THANA,Thane
Bombay,WEST KHANDESH,Dhule
Chandigarh,CHANDIGARH,Chandigarh
Chandigarh,CHECK,NA
Chandigarh,TOTAL,Total
Chandigarh,UT CHANDIGARH,Chandigarh
Chhattisgarh,BALOD,Balod
Chhattisgarh,BALODA BAZAR,Baloda Bazar
Chhattisgarh,BALRAMPUR,Balrampur
Chhattisgarh,BASTAR,Bastar
Chhattisgarh,BASTER,Bastar
Chhattisgarh,BEMETARA,Bemetara
Chhattisgarh,BIJAPUR,Bijapur
Chhattisgarh,BILASPUR,Bilaspur
Chhattisgarh,CHHATTISGARH,Chhattisgarh
Chhattisgarh,DAKSHIN BASTAR DANTEWADA,Dantewada
Chhattisgarh,DANTEWADA,Dantewada
Chhattisgarh,DANTEWARA,Dantewada
Chhattisgarh,DHAMTARI,Dhamtari
Chhattisgarh,DURG,Durg
Chhattisgarh,GARIABAND,Gariaband
Chhattisgarh,GARIYABAND,Gariaband
Chhattisgarh,JANJGIR - CHAMPA,Janjgir-Champa
Chhattisgarh,JANJGIR-CHAMPA,Janjgir-Champa
Chhattisgarh,JASHPUR,Jashpur
Chhattisgarh,KABEERDHAM,Kawardha
Chhattisgarh,KABEERDHAM / KAWARDHA,Kawardha
Chhattisgarh,KABIRDHAM,Kawardha
Chhattisgarh,KANKER,Kanker
Chhattisgarh,KAWARDHA,Kawardha
Chhattisgarh,KONDAGAON,Kondagaon
Chhattisgarh,KORBA,Korba
Chhattisgarh,KOREA,Koriya
Chhattisgarh,KORIA,Koriya
Chhattisgarh,KORIYA,Koriya
Chhattisgarh,KVARDHA,Kawardha
Chhattisgarh,MAHASAMUND,Mahasamund
Chhattisgarh,MAHASMUND,Mahasamund
Chhattisgarh,MUNGELI,Mungeli
Chhattisgarh,NARAYANPUR,Narayanpur
Chhattisgarh,NORTH / UTTAR BASTAR KANKER,Kanker
Chhattisgarh,RAIGADH,Raigarh
Chhattisgarh,RAIGARH,Raigarh
Chhattisgarh,RAIPUR,Raipur
Chhattisgarh,RAJNANDGAON,Raj Nandgaon
Chhattisgarh,SARGUJA,Surguja
Chhattisgarh,SOUTH / DAKSHIN BASTAR DANTEWADA,Dantewada
Chhattisgarh,SUKMA,Sukma
Chhattisgarh,SURAJPUR,Surajpur
Chhattisgarh,SURGUJA,Surguja
Chhattisgarh,TOTAL,Total
Chhattisgarh,UTTAR BASTAR KANKER,Kanker
Dadra and Nagar Haveli,CHECK,NA
Dadra and Nagar Haveli,D & N HAVELI,Dadra and Nagar Haveli
Dadra and Nagar Haveli,DADAR & NAGAR HAVELI,Dadra and Nagar Haveli
Dadra and Nagar Haveli,DADAR AND NAGAR HAVELI,Dadra and Nagar Haveli
Dadra and Nagar Haveli,DADRA & NAGAR HAVELI,Dadra and Nagar Haveli
Dadra and Nagar Haveli,DADRA AND NAGAR HAVELI,Dadra and Nagar Haveli
Dadra and Nagar Haveli,DADRA NAGAR HAVELI,Dadra and Nagar Haveli
Dadra and Nagar Haveli,DADRAN & NAGAR HAVELI,Dadra and Nagar Haveli
Dadra and Nagar Haveli,DADRAN AND NAGAR HAVELI,Dadra and Nagar Haveli
Dadra and Nagar Haveli,TOTAL,Total
Daman and Diu,CHECK,NA
Daman and Diu,DAMAN,Daman
Daman and Diu,DAMAN & DIU,NA
Daman and Diu,DAMAN AND DIU,NA
Daman and Diu,DIU,Junagadh
Daman and Diu,TOTAL,Total
Delhi,ALIPUR,Delhi
Delhi,CENTRAL-DELHI,Delhi
Delhi,CHECK,NA
Delhi,DELHI,Delhi
Delhi,EAST,Delhi
Delhi,GOA,Goa
Delhi,MAHRAULI,Delhi
Delhi,NAJAFGARH,Delhi
Delhi,NANGLOI,Delhi
Delhi,NORTH-EAST,Delhi
Delhi,NORTH-WEST,Delhi
Delhi,SHADARA-NORTHEAST,Delhi
Delhi,SHAHDARA-EAST,Delhi
Delhi,SOUTH-EAST,Delhi
Delhi,SOUTH-WEST,Delhi
Delhi,TOTAL,Total
Delhi,WEST,Delhi
Goa,CHECK,NA
Goa,GOA,Goa
Goa,NORTH GOA,North Goa
Goa,SOUTH GOA,South Goa
Goa,TOTAL,Total
"Goa, Daman and Diu","GOA, DAMAN & DIU",NA
"Goa, Daman and Diu","GOA, DAMAN AND DIU",NA
Gujarat,AHMADABAD,Ahmadabad
Gujarat,AHMEDABAD,Ahmadabad
Gujarat,AMRELI,Amreli
Gujarat,ANAND,Anand
Gujarat,BALSAR,Valsad
Gujarat,BANAS KANTHA,Banas Kantha
Gujarat,BANASKANTA,Banas Kantha
Gujarat,BANASKANTHA,Banas Kantha
Gujarat,BANSKANTHA,Banas Kantha
Gujarat,BAROACH,Bharuch
Gujarat,BARODA,Vadodara
Gujarat,BARUCH,Bharuch
Gujarat,BHARUCH,Bharuch
Gujarat,BHAVNAGAR,Bhavnagar
Gujarat,BROACH,Bharuch
Gujarat,BULSAR,Valsad
Gujarat,CHECK,NA
Gujarat,DAHOD,Dahod
Gujarat,DOHAD,Dahod
Gujarat,DANG,The Dangs
Gujarat,DANGS,The Dangs
Gujarat,DANGS.,The Dangs
Gujarat,GANDHI NAGAR,Gandhinagar
Gujarat,GANDHINAGAR,Gandhinagar
Gujarat,GOHILWAD,Gohilwad
Gujarat,GUJARAT,Gujarat
Gujarat,HOLAR,Holar
Gujarat,JAMNAGAR,Jamnagar
Gujarat,JUNAGADH,Junagadh
Gujarat,JUNAGARH,Junagadh
Gujarat,JUNGADH,Junagadh
Gujarat,KACHCHH,Kachchh
Gujarat,KAIRA,Kheda
Gujarat,KHEDA,Kheda
Gujarat,KUCHCHH,Kachchh
Gujarat,KUTCH,Kachchh
Gujarat,KUTCH / KACHCHH,Kachchh
Gujarat,MADHYA SAURASHTRA,Madhya Saurashtra
Gujarat,MAHESANA,Mahesana
Gujarat,MAHSANA,Mahesana
Gujarat,MEHASANA,Mahesana
Gujarat,MEHSANA,Mahesana
Gujarat,NARMADA,Narmada
Gujarat,NAVSARI,Navsari
Gujarat,PANCH MAHALS,Panch Mahals
Gujarat,PANCHMAHAL,Panch Mahals
Gujarat,PATAN,Patan
Gujarat,PORBANDAR,Porbandar
Gujarat,PORBANDER,Porbandar
Gujarat,RAJKOT,Rajkot
Gujarat,SABAR KANTHA,Sabar Kantha
Gujarat,SABARKANTHA,Sabar Kantha
Gujarat,SORATH,Sorath
Gujarat,SURAT,Surat
Gujarat,SURAT & BULSAR,Surat
Gujarat,SURENDRANAGAR,Surendranagar
Gujarat,TAPI,Tapi
Gujarat,THE DANGS,The Dangs
Gujarat,TOTAL,Total
Gujarat,VADODARA,Vadodara
Gujarat,VADORA,Vadodara
Gujarat,VALSAD,Valsad
Gujarat,ZALAWAD,Zalawad
Haryana,AMBALA,Ambala
Haryana,BHIWANI,Bhiwani
Haryana,CHECK,NA
Haryana,FARIDABAD,Faridabad
Haryana,FATEHABAD,Fatehabad
Haryana,FATEHBAD,Fatehabad
Haryana,GURGAON,Gurgaon
Haryana,HARYANA,Haryana
Haryana,HISAR,Hisar
Haryana,HISSAR,Hisar
Haryana,JHAJJAR,Jhajjar
Haryana,JHAJJER,Jhajjar
Haryana,JIND,Jind
Haryana,KAITHAL,Kaithal
Haryana,KARNAL,Karnal
Haryana,KURKSHETRA,Kurukshetra
Haryana,KURUKSHETRA,Kurukshetra
Haryana,M/GARH,Mahendragarh
Haryana,MAHENDRA GARH,Mahendragarh
Haryana,MAHENDRAGARH,Mahendragarh
Haryana,MAHENDRAGARH / NARNAUL,Mahendragarh
Haryana,MAHENDRAGARH(NARNAUL),Mahendragarh
Haryana,MEHANDERGARH,Mahendragarh
Haryana,MEWAT,Mewat
Haryana,MIHINDERGARH,Mahendragarh
Haryana,MOHINDERGARH,Mahendragarh
Haryana,MOHINDERGHAH (NARNAUL),Mahendragarh
Haryana,PALWAL,Palwal
Haryana,PANCHKULA,Panchkula
Haryana,PANIPAT,Panipat
Haryana,REWARI,Rewari
Haryana,RIWARI,Rewari
Haryana,ROHTAK,Rohtak
Haryana,SIRSA,Sirsa
Haryana,SONEPAT,Sonepat
Haryana,SONIPAT,Sonepat
Haryana,SONIPUT,Sonepat
Haryana,TOTAL,Total
Haryana,YAMUNA NAGAR,Yamuna Nagar
Haryana,YAMUNANAGAR,Yamuna Nagar
Himachal Pradesh,AMBALA,Ambala
Himachal Pradesh,BALASPUR,Bilaspur
Himachal Pradesh,BILASHPUR,Bilaspur
Himachal Pradesh,BILASPUR,Bilaspur
Himachal Pradesh,CHAMBA,Chamba
Himachal Pradesh,CHECK,NA
Himachal Pradesh,ESTIMATES FOR NON REPORTING AR,NA
Himachal Pradesh,HAMIRPUR,Hamirpur
Himachal Pradesh,HIMACHAL PRADESH,Himachal Pradesh
Himachal Pradesh,HISAR,Hisar
Himachal Pradesh,KANGRA,Kangra
Himachal Pradesh,KARNAL,Karnal
Himachal Pradesh,KINNAUR,Kinnaur
Himachal Pradesh,KULLU,Kullu
Himachal Pradesh,KULU,Kullu
Himachal Pradesh,LAHAUL & SPITI,Lahul and Spiti
Himachal Pradesh,LAHAUL AND SPITI,Lahul and Spiti
Himachal Pradesh,LAHAUL SPITI,Lahul and Spiti
Himachal Pradesh,LAHUAL & SPITI,Lahul and Spiti
Himachal Pradesh,LAHUL & SPITI,Lahul and Spiti
Himachal Pradesh,LAHUL AND SPITI,Lahul and Spiti
Himachal Pradesh,LAHUL SPITI,Lahul and Spiti
Himachal Pradesh,MAHASU,Solan
Himachal Pradesh,MAHASU / SOLAN,Solan
Himachal Pradesh,MANDI,Mandi
Himachal Pradesh,MEHASU,Solan
Himachal Pradesh,ROHTAK,Rohtak
Himachal Pradesh,SHIMALA,Shimla
Himachal Pradesh,SHIMLA,Shimla
Himachal Pradesh,SIMLA,Shimla
Himachal Pradesh,SIRMAUR,Sirmaur
Himachal Pradesh,SIRMOUR,Sirmaur
Himachal Pradesh,SIRMUR,Sirmaur
Himachal Pradesh,SOLAN,Solan
Himachal Pradesh,TOTAL,Total
Himachal Pradesh,UNA,Una
Hyderabad,ADILABAD,Adilabad
Hyderabad,AURANGABAD,Aurangabad
Hyderabad,BIDAR,Bidar
Hyderabad,BIR,Bid
Hyderabad,GULBARGA,Gulbarga
Hyderabad,HYDERABAD,NA
Hyderabad,KARIMNAGAR,Karimnagar
Hyderabad,KHAMMAN,Khammam
Hyderabad,MAHBUBNAGAR,Mahbubnagar
Hyderabad,MEDAK,Medak
Hyderabad,NALGONDA,Nalgonda
Hyderabad,NANDER,Nanded
Hyderabad,NIZAMABAD,Nizamabad
Hyderabad,OSMANABAD,Osmanabad
Hyderabad,PARBHANI,Parbhani
Hyderabad,RAICHUR,Raichur
Hyderabad,WARANGAL,Warangal
Jammu and Kashmir,ANANTMAG,Anantnag (Kashmir South)
Jammu and Kashmir,ANANTNAG,Anantnag (Kashmir South)
Jammu and Kashmir,ANANTNAGH,Anantnag (Kashmir South)
Jammu and Kashmir,BADGAM,Bagdam
Jammu and Kashmir,BADGAON,Bagdam
Jammu and Kashmir,BANDIPORA,Bandipora
Jammu and Kashmir,BANDIPORE,Bandipora
Jammu and Kashmir,BARAMULA,Baramula (Kashmir North)
Jammu and Kashmir,BARAMULLA,Baramula (Kashmir North)
Jammu and Kashmir,BUDGAM,Bagdam
Jammu and Kashmir,CHECK,NA
Jammu and Kashmir,DODA,Doda
Jammu and Kashmir,GANDERBAL,Ganderbal
Jammu and Kashmir,JAMMU,Jammu
Jammu and Kashmir,JAMMU & KASHMIR,Jammu and Kashmir
Jammu and Kashmir,JAMMU AND KASHMIR,Jammu and Kashmir
Jammu and Kashmir,KARGIL,Kargil
Jammu and Kashmir,KATHUA,Kathua
Jammu and Kashmir,KISHTWAR,Kishtwar
Jammu and Kashmir,KULGAM,Kulgam
Jammu and Kashmir,KUPWARA,Kupwara (Muzaffarabad)
Jammu and Kashmir,LADAKH,Ladakh (Leh)
Jammu and Kashmir,LADHAK,Ladakh (Leh)
Jammu and Kashmir,LAKAKH,Ladakh (Leh)
Jammu and Kashmir,LEH,Ladakh (Leh)
Jammu and Kashmir,LEH LADAKH,Ladakh (Leh)
Jammu and Kashmir,LEH - LADAKH,Ladakh (Leh)
Jammu and Kashmir,LEH (LADAKH),Ladakh (Leh)
Jammu and Kashmir,MUZAFFARABAD,Kupwara (Muzaffarabad)
Jammu and Kashmir,PFILWAMA,Pulwama
Jammu and Kashmir,POONCH,Punch
Jammu and Kashmir,PULWAMA,Pulwama
Jammu and Kashmir,PULWANA,Pulwama
Jammu and Kashmir,PULWANNA,Pulwama
Jammu and Kashmir,PUNCH,Punch
Jammu and Kashmir,RAJAURI,Rajauri
Jammu and Kashmir,RAJOURI,Rajauri
Jammu and Kashmir,RAMBAN,Ramban
Jammu and Kashmir,REASI,Reasi
Jammu and Kashmir,SAMBA,Samba
Jammu and Kashmir,SHUPIYAN,Shopian
Jammu and Kashmir,SHOPIAN,Shopian
Jammu and Kashmir,SIRNAGAR,Srinagar
Jammu and Kashmir,SRINAGAR,Srinagar
Jammu and Kashmir,TOTAL,Total
Jammu and Kashmir,UDHAMPUR,Udhampur
Jharkhand,(DUMKA)SANTHAL PARGANAS,Dumka
Jharkhand,BANGALORE RURAL,Bangalore Rural
Jharkhand,BOKARO,Bokaro
Jharkhand,CHATRA,Chatra
Jharkhand,DEOGHAR,Deoghar
Jharkhand,DHANBAD,Dhanbad
Jharkhand,DUMKA,Dumka
Jharkhand,EAST / PURBI SINGHBHUM,Purba Singhbhum
Jharkhand,EAST SINGHBHUM,Purba Singhbhum
Jharkhand,EAST SINGHBUM,Purba Singhbhum
Jharkhand,GARHWA,Garhwa
Jharkhand,GARWHA,Garhwa
Jharkhand,GIRIDIH,Giridih
Jharkhand,GODDA,Godda
Jharkhand,GUMLA,Gumla
Jharkhand,HAZARIBAGH,Hazaribag
Jharkhand,JAMTARA,Jamtara
Jharkhand,JHARKHAND,Jharkhand
Jharkhand,KHUNTI,Khunti
Jharkhand,KODARMA,Koderma
Jharkhand,KODERMA,Koderma
Jharkhand,LATEHAR,Latehar
Jharkhand,LOHARDAGA,Lohardaga
Jharkhand,MANBHUM,Manbhum
Jharkhand,PAKUR,Pakur
Jharkhand,PALAMAU,Palamu
Jharkhand,PALAMU,Palamu
Jharkhand,PASHCHIMI SINGHBHUM,Pashchim Singhbhum
Jharkhand,PURBI SINGHBHUM,Purba Singhbhum
Jharkhand,RAMGARH,Ramgarh
Jharkhand,RANCHI,Ranchi
Jharkhand,SAHEBGANJ,Sahibganj
Jharkhand,SAHIBGANJ,Sahibganj
Jharkhand,SANTHAL PARAGANA,Dumka
Jharkhand,SANTHAL PARAGANA / DUMKA,Dumka
Jharkhand,SARAIKELA,Saraikela Kharsawan
Jharkhand,SARAIKELA-KHARSAWAN,Saraikela Kharsawan
Jharkhand,SARAIKELA KHARSAWAN,Saraikela Kharsawan
Jharkhand,SIMDEGA,Simdega
Jharkhand,SINGBHUM WEST,Pashchim Singhbhum
Jharkhand,SINGHBHUM,Singhbhum
Jharkhand,SINGHNHUM EAST,Purba Singhbhum
Jharkhand,TOTAL,Total
Jharkhand,WEST / PASHCHIMI SINGHBHUM,Pashchim Singhbhum
Jharkhand,WEST SINGHBHUM,Pashchim Singhbhum
Karnataka,BAGALKOT,Bagalkot
Karnataka,BAGALKOTE,Bagalkot
Karnataka,BANGALORE,Bangalore
Karnataka,BANGALORE (R),Bangalore Rural
Karnataka,BANGALORE (RURAL),Bangalore Rural
Karnataka,BANGALORE (U),Bangalore Urban
Karnataka,BANGALORE RURAL,Bangalore Rural
Karnataka,BANGALORE URBAN,Bangalore Urban
Karnataka,BENGALURU URBAN,Bangalore Urban
Karnataka,BELGAUM,Belgaum
Karnataka,BELLARY,Bellary
Karnataka,BIDAR,Bidar
Karnataka,BIJAPUR,Bijapur
Karnataka,BIJAPUR & BAGALKOT,Bijapur
Karnataka,CHAMARAJA NAGARA,Chamrajnagar
Karnataka,CHAMARAJANAGAR,Chamrajnagar
Karnataka,CHAMRAJNAGAR,Chamrajnagar
Karnataka,CHECK,NA
Karnataka,CHICKABALLAPUR,Chikballapur
Karnataka,CHICKMAGALUR,Chikmagalur
Karnataka,CHICKMAGLUR,Chikmagalur
Karnataka,CHIKBALLAPUR,Chikballapur
Karnataka,CHIKKABALLAPURA,Chikballapur
Karnataka,CHIKKAMAGALORE,Chikmagalur
Karnataka,CHIKMAGALUR,Chikmagalur
Karnataka,CHITALDRUG,Chitradurga
Karnataka,CHITALDURG,Chitradurga
Karnataka,CHITRADURGA,Chitradurga
Karnataka,CHITRADURGA & DAVANGORE,Chitradurga
Karnataka,COORG,Kodagu
Karnataka,COORG (KODUGU),Kodagu
Karnataka,COORG / KODUGU,Kodagu
Karnataka,D. KANNADA,Dakshin Kannad
Karnataka,DAKSHIN KANNAD,Dakshin Kannad
Karnataka,DAKSHINA KANNAD,Dakshin Kannad
Karnataka,DAKSHINA KANNADA,Dakshin Kannad
Karnataka,DAKSHINA KANNARA,Dakshin Kannad
Karnataka,DAKSHINA KANNARA &,Dakshin Kannad
Karnataka,DAKSHINAKANNA,Dakshin Kannad
Karnataka,DAKSHINAKANNAD,Dakshin Kannad
Karnataka,DAKSHINAKANNADA,Dakshin Kannad
Karnataka,DAVANAGERE,Davanagere
Karnataka,DEVANAGRRE,Davanagere
Karnataka,DAVANGERE,Davanagere
Karnataka,DHARWAD,Dharwad
Karnataka,DHARWAD & GADAG &,Dharwad
Karnataka,DHARWAR,Dharwad
Karnataka,GADAG,Gadag
Karnataka,GAGAD,Gadag
Karnataka,GULBARGA,Gulbarga
Karnataka,HASSAN,Hassan
Karnataka,HAVERI,Haveri
Karnataka,KANARA,Kanara
Karnataka,KARNATAKA,Karnataka
Karnataka,KODAGU,Kodagu
Karnataka,KODAGU (COORG),Kodagu
Karnataka,KODAGU(COORG),Kodagu
Karnataka,KODAGUO OR COORG,Kodagu
Karnataka,KODUGU,Kodagu
Karnataka,KODUGU (COORG),Kodagu
Karnataka,KOLAR,Kolar
Karnataka,KOLAR + CHIKKABALAPURA,Kolar
Karnataka,KOPAL,Koppal
Karnataka,KOPPAL,Koppal
Karnataka,MANDYA,Mandya
Karnataka,MYSORE,Mysore
Karnataka,MYSORE & CHAMARAJA,Mysore
Karnataka,NORTH CANARA,Uttar Kannand
Karnataka,NORTH KANARA,Uttar Kannand
Karnataka,NORTH KANNADA,Uttar Kannand
Karnataka,RAICHUR,Raichur
Karnataka,RAICHUR & KOPPALA,Raichur
Karnataka,RAMANAGARA,Ramanagara
Karnataka,RAMANGARA,Ramanagara
Karnataka,SHIMOGA,Shimoga
Karnataka,SHIOMGA,Shimoga
Karnataka,SOUTH KANARA,Dakshin Kannad
Karnataka,SOUTH KANNADA,Dakshin Kannad
Karnataka,TOTAL,Total
Karnataka,TUMKUR,Tumkur
Karnataka,U. KANNADA,Uttar Kannand
Karnataka,UDIPPI,Udupi
Karnataka,UDUPI,Udupi
Karnataka,UTTARA KANNADA,Uttar Kannand
Karnataka,UTTAR KANNAD,Uttar Kannand
Karnataka,UTTARA KANNARA,Uttar Kannand
Karnataka,UTTARA KANNARA / NORRTH KANNARA,Uttar Kannand
Karnataka,UTTARAKANNADA,Uttar Kannand
Karnataka,YADGIR,Yadgir
Kerala,ALAPPUZHA,Alappuzha
Kerala,ALAPPUZHA / ALLEPEY,Alappuzha
Kerala,ALAPUZHA,Alappuzha
Kerala,ALLEPPEY,Alappuzha
Kerala,CANNANORE,Kannur
Kerala,EMAKULAM,Ernakulam
Kerala,ERANAKULAM,Ernakulam
Kerala,ERNAKULAM,Ernakulam
Kerala,IDDUKKI,Idukki
Kerala,IDIKKI,Idukki
Kerala,IDUKKI,Idukki
Kerala,KANNUR,Kannur
Kerala,KASARAGOD,Kasaragod
Kerala,KASARAGODE,Kasaragod
Kerala,KASARGOD,Kasaragod
Kerala,KERALA,Kerala
Kerala,KOLLAM,Kollam
Kerala,KOLLAM (QUILON),Kollam
Kerala,KOLLAM / QUILON,Kollam
Kerala,KOLLAM(QUILON),Kollam
Kerala,KOTTAYAM,Kottayam
Kerala,KOZHIKODE,Kozhikode
Kerala,KUTCH,Kachchh
Kerala,LAKHSADWEEP,Lakshadweep
Kerala,MALABAR,Malabar
Kerala,MALALPURAM,Malappuram
Kerala,MALAPPURAM,Malappuram
Kerala,MALAPURAM,Malappuram
Kerala,PALAGHAT,Palakkad
Kerala,PALAKKAD,Palakkad
Kerala,PALGHAT,Palakkad
Kerala,PATHANAMTHITA,Pattanamtitta
Kerala,PATHANAMTHITT,Pattanamtitta
Kerala,PATHANAMTHITTA,Pattanamtitta
Kerala,QUILON,Kollam
Kerala,QULION,Kollam
Kerala,SOUTH KANARA,Dakshin Kannad
Kerala,THIRUVANANTHAPURAM,Thiruvananthapuram
Kerala,THIRUVANTRUM,Thiruvananthapuram
Kerala,THRISSUR,Thrissur
Kerala,THRISUR,Thrissur
Kerala,TOTAL,Total
Kerala,TRICHUR,Thrissur
Kerala,TRISSUR,Thrissur
Kerala,TRIVANDRUM,Thiruvananthapuram
Kerala,WAYANAD,Wayanad
Kerala,WYNAD,Wayanad
Kerala/Karnataka,SOUTH CANARA,Dakshin Kannad
Lakshadweep,KAVARATTI,Lakshadweep
Lakshadweep,LAKHSHADWEEP,Lakshadweep
Lakshadweep,LAKSHADWEEP,Lakshadweep
Lakshadweep,"LOCCADIVI, MINICOY AMINDIVI ISLANDS",Lakshadweep
Lakshadweep,TOTAL,Total
Madhya Pradesh,AKOLA,Akola
Madhya Pradesh,ALIRAJPUR,Alirajpur
Madhya Pradesh,AMRAVATI,Amravati
Madhya Pradesh,ANUPPUR,Anuppur
Madhya Pradesh,ASHOK NAGAR,Ashoknagar
Madhya Pradesh,ASHOKNAGAR,Ashoknagar
Madhya Pradesh,BADWANI,Barwani
Madhya Pradesh,BAITUL,Betul
Madhya Pradesh,BALAGHAT,Balaghat
Madhya Pradesh,BALGHAT,Balaghat
Madhya Pradesh,BARWANI,Barwani
Madhya Pradesh,BASTAR,Bastar
Madhya Pradesh,BASTER,Bastar
Madhya Pradesh,BETUL,Betul
Madhya Pradesh,BHANDARA,Bhandara
Madhya Pradesh,BHANDRA,Bhandara
Madhya Pradesh,BHILSA,Vidisha
Madhya Pradesh,BHIND,Bhind
Madhya Pradesh,BHOPAL,Bhopal
Madhya Pradesh,BILASPUR,Bilaspur
Madhya Pradesh,BILASPUR (MP),Bilaspur
Madhya Pradesh,BULDANA,Buldana
Madhya Pradesh,BURHANPUR,Burhanpur
Madhya Pradesh,CHANDA,Chandrapur
Madhya Pradesh,CHATARPUR,Chhatarpur
Madhya Pradesh,CHATTURPUR,Chhatarpur
Madhya Pradesh,CHECK,NA
Madhya Pradesh,CHHATARPUR,Chhatarpur
Madhya Pradesh,CHHINDWARA,Chhindwara
Madhya Pradesh,CHINDWARA,Chhindwara
Madhya Pradesh,DAMOH,Damoh
Madhya Pradesh,DANTEWARA,Dantewada
Madhya Pradesh,DATIA,Datia
Madhya Pradesh,DEMOH,Damoh
Madhya Pradesh,DEVAS,Dewas
Madhya Pradesh,DEWAS,Dewas
Madhya Pradesh,DHAMTARI,Dhamtari
Madhya Pradesh,DHAR,Dhar
Madhya Pradesh,DINDORI,Dindori
Madhya Pradesh,DURG,Durg
Madhya Pradesh,DURG (DRUG),Durg
Madhya Pradesh,EAST,East Nimar
Madhya Pradesh,EAST NIMAR,East Nimar
Madhya Pradesh,EAST NIMAR (KHANDWA),East Nimar
Madhya Pradesh,EAST NIMAR / KHANDWA,East Nimar
Madhya Pradesh,EAST NIMAR(KHANDWA),East Nimar
Madhya Pradesh,GIRD,Gird
Madhya Pradesh,GUNA,Guna
Madhya Pradesh,GWALIOR,Gwalior
Madhya Pradesh,HARDA,Harda
Madhya Pradesh,HOSANGABAD,Hoshangabad
Madhya Pradesh,HOSHANGABAD,Hoshangabad
Madhya Pradesh,HOSNAGABAD,Hoshangabad
Madhya Pradesh,INDORE,Indore
Madhya Pradesh,JABALPORE,Jabalpur
Madhya Pradesh,JABALPUR,Jabalpur
Madhya Pradesh,JALABALPUR,Jabalpur
Madhya Pradesh,JANGIR,Janjgir-Champa
Madhya Pradesh,JASPUR,Jashpur
Madhya Pradesh,JHABUA,Jhabua
Madhya Pradesh,KANAKR,Kanker
Madhya Pradesh,KATANI,Katni
Madhya Pradesh,KATNI,Katni
Madhya Pradesh,KAWARDHA,Kawardha
Madhya Pradesh,KHANDBA,East Nimar
Madhya Pradesh,KHANDWA,East Nimar
Madhya Pradesh,KHARGON,West Nimar
Madhya Pradesh,KHARGONE,West Nimar
Madhya Pradesh,KORBA,Korba
Madhya Pradesh,KORIYA,Koriya
Madhya Pradesh,MADHYA PRADESH,Madhya Pradesh
Madhya Pradesh,MAHASMUND,Mahasamund
Madhya Pradesh,MANDLA,Mandla
Madhya Pradesh,MANDSAUR,Mandsaur
Madhya Pradesh,MORENA,Morena
Madhya Pradesh,NAGPUR,Nagpur
Madhya Pradesh,NARSIMHAPUR,Narsinghpur
Madhya Pradesh,NARSIMHAPUR / NARSINGHPUR,Narsinghpur
Madhya Pradesh,NARSIMHPUR,Narsinghpur
Madhya Pradesh,NARSIMPUR,Narsinghpur
Madhya Pradesh,NARSINGHPUR,Narsinghpur
Madhya Pradesh,NEEMUCH,Neemuch
Madhya Pradesh,NIMACH,Neemuch
Madhya Pradesh,NIMAR,Nimar
Madhya Pradesh,PANNA,Panna
Madhya Pradesh,RAIGARH,Raigarh
Madhya Pradesh,RAIPUR,Raipur
Madhya Pradesh,RAISEN,Raisen
Madhya Pradesh,RAJGARH,Rajgarh
Madhya Pradesh,RAJGARH(SAME NAME IN 234 PAGE),Rajgarh
Madhya Pradesh,RAJGARH(SAME NAME IN 282),Rajgarh
Madhya Pradesh,RAJNADGAON,Raj Nandgaon
Madhya Pradesh,RAJNAND-GAON,Raj Nandgaon
Madhya Pradesh,RAJNANDGAON,Raj Nandgaon
Madhya Pradesh,RATLAM,Ratlam
Madhya Pradesh,REVA,Rewa
Madhya Pradesh,REWA,Rewa
Madhya Pradesh,SAGAR,Sagar
Madhya Pradesh,SARGUJA,Surguja
Madhya Pradesh,SATNA,Satna
Madhya Pradesh,SEEDHI,Sidhi
Madhya Pradesh,SEHOR,Sehore
Madhya Pradesh,SEHORE,Sehore
Madhya Pradesh,SEONI,Seoni
Madhya Pradesh,SHAHDOH,Shahdol
Madhya Pradesh,SHAHDOL,Shahdol
Madhya Pradesh,SHAJAPUR,Shajapur
Madhya Pradesh,SHEOPUR,Sheopur
Madhya Pradesh,SHIVPURI,Shivpuri
Madhya Pradesh,SIDHI,Sidhi
Madhya Pradesh,SINGRAULI,Singrauli
Madhya Pradesh,SIVNI,Seoni
Madhya Pradesh,SURGUJA,Surguja
Madhya Pradesh,TEEKAMGARH,Tikamgarh
Madhya Pradesh,TIKAMGARH,Tikamgarh
Madhya Pradesh,TOTAL,Total
Madhya Pradesh,UJJAIN,Ujjain
Madhya Pradesh,UMARIA,Umaria
Madhya Pradesh,UMARIYA,Umaria
Madhya Pradesh,VEDESHA,Vidisha
Madhya Pradesh,VIDISHA,Vidisha
Madhya Pradesh,WARDHA,Wardha
Madhya Pradesh,WEST NIMAR,West Nimar
Madhya Pradesh,WEST NIMAR (KHARGAON),West Nimar
Madhya Pradesh,WEST NIMAR / KHARGONE,West Nimar
Madhya Pradesh,WEST NIMAR(KHARGONE),West Nimar
Madhya Pradesh,WESTNIMAR (KHAR),West Nimar
Madhya Pradesh,WESTNIMAR (KHARGONE),West Nimar
Madhya Pradesh,YEOTMAL,Yavatmal
Madras,CHIMGLEPUT,Chengalpattu
Madras,CHINGLEPUT,Chengalpattu
Madras,COIMBATORE,Coimbatore
Madras,KANYAKUMARI,Kanniyakumari
Madras,MADRAS,Chennai
Madras,MADURAI,Madurai
Madras,MALABAR,Malabar
Madras,NILGIRI,Nilgiris
Madras,NILGIRIS,Nilgiris
Madras,NORTH ARCOT,North Arcot
Madras,NORTH ARCOT ,North Arcot
Madras,RAMANATHAPURAM,Ramanathapuram
Madras,RAMNATHAPURAM,Ramanathapuram
Madras,SALEM,Salem
Madras,SOUTH ARCOT,South Arcot
Madras,SOUTH KANARA,Dakshin Kannad
Madras,TANJORE,Tanjore
Madras,THANJAVUR,Thanjavur
Madras,TIRUCHIRAPALI,Tiruchchirappalli
Madras,TIRUCHIRAPALLI,Tiruchchirappalli
Madras,TIRUCHIRPALI,Tiruchchirappalli
Madras,TIRUNELVELI,Tirunelveli Kattabo
Maharashtra,AHMADNAGAR,Ahmednagar
Maharashtra,AHMEDNAGAR,Ahmednagar
Maharashtra,AKOLA,Akola
Maharashtra,AMARAVATI,Amravati
Maharashtra,AMARAWATI,Amravati
Maharashtra,AMRAOTI,Amravati
Maharashtra,AMRAVATI,Amravati
Maharashtra,AURAGABAD,Aurangabad
Maharashtra,AURANGABAD,Aurangabad
Maharashtra,BANDHARA,Bhandara
Maharashtra,BEED,Bid
Maharashtra,BEED / BID,Bid
Maharashtra,BHANDARA,Bhandara
Maharashtra,BHIR,Bid
Maharashtra,BID,Bid
Maharashtra,BIR,Bid
Maharashtra,BOMBAY,Mumbai city
Maharashtra,BOMBAY SUBURBAN,Mumbai Suburban
Maharashtra,BULDANA,Buldana
Maharashtra,BULDHANA,Buldana
Maharashtra,CHANDA,Chandrapur
Maharashtra,CHANDRAPUR,Chandrapur
Maharashtra,CHECK,NA
Maharashtra,DHULE,Dhule
Maharashtra,DHULIA,Dhule
Maharashtra,EAST KHANDESH,Jalgaon
Maharashtra,GADCHIROLI,Garhchiroli
Maharashtra,GEDCHIROLI,Garhchiroli
Maharashtra,GONDIA,Gondiya
Maharashtra,GONDIYA,Gondiya
Maharashtra,GREATER BOMBAY,Greater Bombay
Maharashtra,HINGOLI,Hingoli
Maharashtra,JALAGAON,Jalgaon
Maharashtra,JALGAON,Jalgaon
Maharashtra,JALNA,Jalna
Maharashtra,KOLABA,Raigarh
Maharashtra,KOLABA(RAIGAD),Raigarh
Maharashtra,KOLHAPUR,Kolhapur
Maharashtra,LATUR,Latur
Maharashtra,MAHARASHTRA,Maharashtra
Maharashtra,MUMBAI,Mumbai city
Maharashtra,MUMBAI SUB,Mumbai Suburban
Maharashtra,MUMBAI SUBURBAN,Mumbai Suburban
Maharashtra,NAGPUR,Nagpur
Maharashtra,NANDED,Nanded
Maharashtra,NANDER,Nanded
Maharashtra,NANDURBAR,Nandurbar
Maharashtra,NASHIK,Nashik
Maharashtra,NASIK,Nashik
Maharashtra,OSMANABAD,Osmanabad
Maharashtra,PALGHAR,Palghar
Maharashtra,PARBHANI,Parbhani
Maharashtra,POONA,Pune
Maharashtra,PUNA,Pune
Maharashtra,PUNE,Pune
Maharashtra,RAIGAD,Raigarh
Maharashtra,RAIGAD (KOLABA),Raigarh
Maharashtra,RAIGAD(KOLABA),Raigarh
Maharashtra,RAIGARH,Raigarh
Maharashtra,RAIGHAR,Raigarh
Maharashtra,RATNAGIRI,Ratnagiri
Maharashtra,SANGLI,Sangli
Maharashtra,SATARA,Satara
Maharashtra,SATARA NORTH,Satara North
Maharashtra,SATARA SOUTH,Satara South
Maharashtra,SHOLAPUR,Solapur
Maharashtra,SIDHUDURG,Sindhudurg
Maharashtra,SINDHUDURG,Sindhudurg
Maharashtra,SINDHUDURGA,Sindhudurg
Maharashtra,SOLAPUR,Solapur
Maharashtra,THANA,Thane
Maharashtra,THANE,Thane
Maharashtra,TOTAL,Total
Maharashtra,WARDHA,Wardha
Maharashtra,WASHIM,Washim
Maharashtra,WEST KHANDESH,Dhule
Maharashtra,YAVATMAL,Yavatmal
Maharashtra,YEOTMAL,Yavatmal
Maharashtra,YEVATMAL,Yavatmal
Maharashtra and Gujarat,AHMEDABAD,Ahmadabad
Maharashtra and Gujarat,AHMEDNAGAR,Ahmednagar
Maharashtra and Gujarat,AKOLA,Akola
Maharashtra and Gujarat,AMRAOTI,Amravati
Maharashtra and Gujarat,AMRELI,Amreli
Maharashtra and Gujarat,AURANGABAD,Aurangabad
Maharashtra and Gujarat,BANASKANATH,Banas Kantha
Maharashtra and Gujarat,BARODA,Vadodara
Maharashtra and Gujarat,BHANDARA,Bhandara
Maharashtra and Gujarat,BHIR,Bid
Maharashtra and Gujarat,BOMBAY SUBURBAN,Mumbai Suburban
Maharashtra and Gujarat,BROACH,Bharuch
Maharashtra and Gujarat,BULDANA,Buldana
Maharashtra and Gujarat,CHANDA,Chandrapur
Maharashtra and Gujarat,EAST KHANDESH,Jalgaon
Maharashtra and Gujarat,GOHELWAD,Gohilwad
Maharashtra and Gujarat,HALAR,Halar
Maharashtra and Gujarat,JHALAWAR,Jhalawar
Maharashtra and Gujarat,KAIRA,Kheda
Maharashtra and Gujarat,KOLABA,Raigarh
Maharashtra and Gujarat,KOLHAPUR,Kolhapur
Maharashtra and Gujarat,KUTCH,Kachchh
Maharashtra and Gujarat,MADHYA SAURASHTRA,Madhya Saurashtra
Maharashtra and Gujarat,MEHSANA,Mahesana
Maharashtra and Gujarat,NAGPUR,Nagpur
Maharashtra and Gujarat,NANDED,Nanded
Maharashtra and Gujarat,NASIK,Nashik
Maharashtra and Gujarat,NORTH SATARA,Satara North
Maharashtra and Gujarat,OSMANABAD,Osmanabad
Maharashtra and Gujarat,PANCH MAHALS,Panch Mahals
Maharashtra and Gujarat,PARBHANI,Parbhani
Maharashtra and Gujarat,POONA,Pune
Maharashtra and Gujarat,RATNAGIRI,Ratnagiri
Maharashtra and Gujarat,SABARKANTHA,Sabar Kantha
Maharashtra and Gujarat,SHOLAPUR,Solapur
Maharashtra and Gujarat,SORATH,Sorath
Maharashtra and Gujarat,SOUTH SATARA,Satara South
Maharashtra and Gujarat,SURAT,Surat
Maharashtra and Gujarat,THANA,Thane
Maharashtra and Gujarat,THE DANGS,The Dangs
Maharashtra and Gujarat,WARDHA,Wardha
Maharashtra and Gujarat,WEST KHANDESH,Dhule
Maharashtra and Gujarat,YEOTMAL,Yavatmal
Manipur,BISHENPUR,Bishnupur
Manipur,BISHNUPUR,Bishnupur
Manipur,CHANDEL,Chandel
Manipur,CHECK,NA
Manipur,CHENDAL,Chandel
Manipur,CHURACHANDPUR,Churachandpur
Manipur,IMPHAL,Imphal
Manipur,IMPHAL EAST,East Imphal
Manipur,IMPHAL WEST,West Imphal
Manipur,MANIPUR,Manipur
Manipur,SENAPATI,Senapati
Manipur,TAMENGLONG,Tamenglong
Manipur,TAMENLONG,Tamenglong
Manipur,THOUBAL,Thoubal
Manipur,TOTAL,Total
Manipur,UKHRUL,Ukhrul
Meghalaya,CHECK,NA
Meghalaya,EAST GARGO HILLS,East Garo Hills
Meghalaya,EAST GARO HILLS,East Garo Hills
Meghalaya,EAST KHASI HILLS,East Khasi Hills
Meghalaya,GARO HILLS,Garo Hills
Meghalaya,EAST JAINTIA HILLS,East Jaintia Hills
Meghalaya,JAINTIA HILLS,Jaintia Hills
Meghalaya,JAINTIA HILLS ,Jaintia Hills
Meghalaya,K. AND J. HILLS,Khasi and Jaintia Hills
Meghalaya,MEGHALAYA,Meghalaya
Meghalaya,MEGHALAYA ,Meghalaya
Meghalaya,RI BHOI,Ri-Bhoi
Meghalaya,RI BHOI DISTRICT,Ri-Bhoi
Meghalaya,RI-BHOI,Ri-Bhoi
Meghalaya,RI-BHOI DISTRICT,Ri-Bhoi
Meghalaya,RIBHOI,Ri-Bhoi
Meghalaya,SOUTH GARO,South Garo Hills
Meghalaya,SOUTH GARO HILLS,South Garo Hills
Meghalaya,TOTAL,Total
Meghalaya,WEST GAGRO HILLS,West Garo Hills
Meghalaya,WEST GARO HILLS,West Garo Hills
Meghalaya,WEST KHASI HILLS,West Khasi Hills
Mizoram,AIZAWL,Aizawl
Mizoram,AIZAWL  (WEST),Aizawl (West)
Mizoram,AIZAWL (EAST),Aizawl (East)
Mizoram,AIZAWL (WEST),Aizawl (West)
Mizoram,AIZWAL,Aizawl
Mizoram,AIZWAL (EAST),Aizawl (East)
Mizoram,AIZWAL (WEST),Aizawl (West)
Mizoram,CHAMPHAI,Champhai
Mizoram,CHHIMTUIPUI,Chhimtuipui
Mizoram,KOLASIB,Kolasib
Mizoram,LAWANGTLAI,Lawngtlai
Mizoram,LAWNGTLAI,Lawngtlai
Mizoram,LUNGLEI,Lunglei
Mizoram,MAMIT,Mamit
Mizoram,MIZO,Lushai Hills
Mizoram,MIZORAM,Mizoram
Mizoram,SAIHA,Saiha
Mizoram,SERCHHIP,Serchhip
Mizoram,TOTAL,Total
Mysore,BANGALORE,Bangalore
Mysore,BELGAUM,Belgaum
Mysore,BELLARY,Bellary
Mysore,BIDAR,Bidar
Mysore,BIJAPUR,Bijapur
Mysore,CHICKMAGULAR,Chikmagalur
Mysore,CHIMAGALUR,Chikmagalur
Mysore,CHINKMAGALUR,Chikmagalur
Mysore,CHITALDRUG,Chitradurga
Mysore,CHITRADURG,Chitradurga
Mysore,COORG,Kodagu
Mysore,DHARWAR,Dharwad
Mysore,GULBARGA,Gulbarga
Mysore,HASSAN,Hassan
Mysore,KOLAR,Kolar
Mysore,MANDYA,Mandya
Mysore,MYSORE,Mysore
Mysore,NORTH KANARA,Uttar Kannand
Mysore,RAICHUR,Raichur
Mysore,SHIMOGA,Shimoga
Mysore,SOUTH KANARA,Dakshin Kannad
Mysore,TUMKUR,Tumkur
Nagaland,CHECK,NA
Nagaland,DIMAPUR,Dimapur
Nagaland,FRI,NA
Nagaland,KIPHIRE,Kiphire
Nagaland,KOHIMA,Kohima
Nagaland,LONGLENG,Longleng
Nagaland,LUNHELEOTO,NA
Nagaland,MOKO CHUNG,Mokokchung
Nagaland,MOKOKCHUNG,Mokokchung
Nagaland,MON,Mon
Nagaland,NAGALAND,Nagaland
Nagaland,PEREN,Peren
Nagaland,PHEK,Phek
Nagaland,SAT,NA
Nagaland,SUN,NA
Nagaland,THENSAN,Tuensang
Nagaland,THU,NA
Nagaland,THUENSANG,Tuensang
Nagaland,TOTAL,Total
Nagaland,TUE,NA
Nagaland,TUENSANG,Tuensang
Nagaland,WED,NA
Nagaland,WOKHA,Wokha
Nagaland,ZUNHEBOTO,Zunheboto
Odisha,BALANGIR,Bolangir
Odisha,BALASORE,Baleshwar
Odisha,BALASORE (BALESHWAR),Baleshwar
Odisha,BALESHWAR,Baleshwar
Odisha,BALONGIR,Bolangir
Odisha,BOLANGIR,Bolangir
Odisha,CUTTACK,Cuttack
Odisha,DHENKANAL,Dhenkanal
Odisha,GANJAM,Ganjam
Odisha,KALAHANDI,Kalahandi
Odisha,KEONJHAR,Keonjhar
Odisha,KORAPUR,Koraput
Odisha,KORAPUT,Koraput
Odisha,MAYURBHANJ,Mayurbhanj
Odisha,PHULBANI,Kandhamal
Odisha,PHULBANI (KANDHAMAL),Kandhamal
Odisha,PURI,Puri
Odisha,SAMBALPUR,Sambalpur
Odisha,SUNDARGARH,Sundargarh
Odisha,SUNDERGARH,Sundargarh
Orissa,ANGUL,Angul
Orissa,ANGUL / ANUGUL,Angul
Orissa,ANUGUL,Angul
Orissa,BALANGIR,Bolangir
Orissa,BALASORE,Baleshwar
Orissa,BALASORE (BALESHWAR),Baleshwar
Orissa,BALASORE / BALESHWAR,Baleshwar
Orissa,BALESHWAR,Baleshwar
Orissa,BALONGIR,Bolangir
Orissa,BARAGARH,Baragarh
Orissa,BARGARH,Baragarh
Orissa,BAUDH,Boudh
Orissa,BAUDH PHULBANI,Phulbani
Orissa,BHADRAK,Bhadrak
Orissa,BOLANGIR,Bolangir
Orissa,BOUDH,Boudh
Orissa,BURAGARH,Baragarh
Orissa,CHECK,NA
Orissa,CUTTACK,Cuttack
Orissa,DEBAGARH,Deogarh
Orissa,DEOGARH,Deogarh
Orissa,DEOGARH / DEBAGARH,Deogarh
Orissa,DHANKANAL,Dhenkanal
Orissa,DHENKANAL,Dhenkanal
Orissa,GAAJAM,Ganjam
Orissa,GAJAPATI,Gajapati
Orissa,GAJAPATTI,Gajapati
Orissa,GANJAM,Ganjam
Orissa,GANJANM,Ganjam
Orissa,JAGATSINGHAPUR,Jagatsinghpur
Orissa,JAGATSINGHPUR,Jagatsinghpur
Orissa,JAGATSINGPUR,Jagatsinghpur
Orissa,JAJAPUR,Jajpur
Orissa,JAJPUR,Jajpur
Orissa,JHARSUGDA,Jharsuguda
Orissa,JHARSUGUDA,Jharsuguda
Orissa,KALAHANDI,Kalahandi
Orissa,KANDHAMAL,Kandhamal
Orissa,KANDHAMAL (PHULBANI),Kandhamal
Orissa,KEDRAPARA,Kendrapara
Orissa,KENDRAPARA,Kendrapara
Orissa,KENDUJHAR,Keonjhar
Orissa,KEONJHA,Keonjhar
Orissa,KEONJHAR,Keonjhar
Orissa,KEONJIHAR,Keonjhar
Orissa,KHORDHA,Khordha
Orissa,KHURDA,Khordha
Orissa,KORAPUR,Koraput
Orissa,KORAPUT,Koraput
Orissa,MALKANAGIRI,Malkangiri
Orissa,MALKANGIRI,Malkangiri
Orissa,MAYURBHANJ,Mayurbhanj
Orissa,MAYURBHANJA,Mayurbhanj
Orissa,MAYYUBHANJ,Mayurbhanj
Orissa,NABARANGAPUR,Nabarangpur
Orissa,NABARANGPUR,Nabarangpur
Orissa,NAWAPARA,Nuapada
Orissa,NAWARANGAPUR,Nabarangpur
Orissa,NAWORANGPUR,Nabarangpur
Orissa,NAYAGARH,Nayagarh
Orissa,NOWRANGPUR,Nabarangpur
Orissa,NUAPADA,Nuapada
Orissa,ODISHA,Orissa
Orissa,ORISSA,Orissa
Orissa,PHULBANI,Phulbani
Orissa,PHULBANI (KANDHAMAL),Phulbani
Orissa,PHULBHANI,Phulbani
Orissa,PURI,Puri
Orissa,RAYAGADA,Rayagada
Orissa,SAMBALPUR,Sambalpur
Orissa,SMBHALPUR,Sambalpur
Orissa,SONAPUR,Sonepur
Orissa,SONEPUR,Sonepur
Orissa,SUBARNAPUR,Sonepur
Orissa,SUNDARGARH,Sundargarh
Orissa,SUNDERGARH,Sundargarh
Orissa,TOTAL,Total
Puducherry,CHECK,NA
Puducherry,KARAIKAL,Karaikal
Puducherry,MAHE,Mahe
Puducherry,PODUCHERRY,Pondy (District)
Puducherry,PONDICHERRY,Pondy (District)
Puducherry,PONDY (DISTRICT),Pondy (District)
Puducherry,PONDY(DISTRICT),Pondy (District)
Puducherry,PUDDUCHERRY,Pondy (District)
Puducherry,PUDUCHERRY,Pondy (District)
Puducherry,TOTAL,Total
Puducherry,YANAM,Yanam
Punjab,AMBALA,Ambala
Punjab,AMIRTSAR,Amritsar
Punjab,AMRITSAR,Amritsar
Punjab,AMRITSER,Amritsar
Punjab,BARNALA,Barnala
Punjab,BATHINDA,Bathinda
Punjab,BHATINDA,Bathinda
Punjab,CHECK,NA
Punjab,FARDKOT,Faridkot
Punjab,FARIDKOT,Faridkot
Punjab,FATEHGARH,Fatehgarh Sahib
Punjab,FATEHGARH SAHIB,Fatehgarh Sahib
Punjab,FAZILKA,Fazilka
Punjab,FEROZAPUR,Firozpur
Punjab,FEROZEPORE,Firozpur
Punjab,FEROZEPUR,Firozpur
Punjab,FEROZIPUR,Firozpur
Punjab,FEROZPUR,Firozpur
Punjab,FIROZEPUR,Firozpur
Punjab,FIROZPUR,Firozpur
Punjab,GURDASPUR,Gurdaspur
Punjab,GURGAON,Gurgaon
Punjab,HISSAR,Hisar
Punjab,HOSHIARPUR,Hoshiarpur
Punjab,JALANDHAR,Jalandhar
Punjab,JULLUNDAR,Jalandhar
Punjab,JULLUNDUR,Jalandhar
Punjab,KANGRA,Kangra
Punjab,KAPURTHALA,Kapurthala
Punjab,KARNAL,Karnal
Punjab,KOHISTAN,NA
Punjab,KULU,Kullu
Punjab,LAHUL & SPITI,Lahul and Spiti
Punjab,LUDHIANA,Ludhiana
Punjab,MANSA,Mansa
Punjab,MANSHA,Mansa
Punjab,MOGA,Moga
Punjab,MOHALI,Sahibzada Ajit Singh Nagar
Punjab,MOHINDERGARH,Mahendragarh
Punjab,MUKATSAR,Muktsar
Punjab,MUKTSAR,Muktsar
Punjab,NAWAN,Nawan Shehar
Punjab,NAWAN SHEHAR,Nawan Shehar
Punjab,NAWANSHAHAR,Nawan Shehar
Punjab,NAWANSHAHR,Nawan Shehar
Punjab,PATAILA,Patiala
Punjab,PATHANKOT,Pathankot
Punjab,PATIALA,Patiala
Punjab,PUNJAB,Punjab
Punjab,ROHTAK,Rohtak
Punjab,ROOPNAGAR,Rupnagar
Punjab,ROPAR,Ropar
Punjab,RUPAR,Ropar
Punjab,RUPNAGAR,Rupnagar
Punjab,RUPNAGAR (ROPAR),Rupnagar
Punjab,RUPNAGAR(ROPAR),Rupnagar
Punjab,S.A.S NAGAR,Sahibzada Ajit Singh Nagar
Punjab,SAHIBZADA AJIT SINGH NAGAR,Sahibzada Ajit Singh Nagar
Punjab,SANGRUR,Sangrur
Punjab,SANRGUR,Sangrur
Punjab,SHAHID BHAGAT SINGH NAGAR,Nawan Shehar
Punjab,SIMLA,Shimla
Punjab,TARN TARAN,Tarn Taran
Punjab,TOTAL,Total
Rajasthan,AJMER,Ajmer
Rajasthan,ALWAR,Alwar
Rajasthan,BANSWARA,Banswara
Rajasthan,BARAN,Baran
Rajasthan,BARMER,Barmer
Rajasthan,BHARATPUR,Bharatpur
Rajasthan,BHILAWARA,Bhilwara
Rajasthan,BHILWARA,Bhilwara
Rajasthan,BIKANER,Bikaner
Rajasthan,BUNDI,Bundi
Rajasthan,CHITTAURGARH,Chittaurgarh
Rajasthan,CHITTOR,Chittaurgarh
Rajasthan,CHITTORGA,Chittaurgarh
Rajasthan,CHITTORGARH,Chittaurgarh
Rajasthan,CHURU,Churu
Rajasthan,DAUSA,Dausa
Rajasthan,DHAULPUR,Dhaulpur
Rajasthan,DHOLPUR,Dhaulpur
Rajasthan,DUNGARPUR,Dungarpur
Rajasthan,GANGA NAGAR,Ganganagar
Rajasthan,GANGANAGA,Ganganagar
Rajasthan,GANGANAGAR,Ganganagar
Rajasthan,HANUMANGARH,Hanumangarh
Rajasthan,JAIPUR,Jaipur
Rajasthan,JAISALMAR,Jaisalmer
Rajasthan,JAISALMER,Jaisalmer
Rajasthan,JALOR,Jalor
Rajasthan,JALORE,Jalor
Rajasthan,JHALAWAR,Jhalawar
Rajasthan,JHUNJHNU,Jhunjhunun
Rajasthan,JHUNJHUNU,Jhunjhunun
Rajasthan,JHUNJHUNUN,Jhunjhunun
Rajasthan,JODHPUR,Jodhpur
Rajasthan,KARAULI,Karauli
Rajasthan,KAROLI,Karauli
Rajasthan,KARULI,Karauli
Rajasthan,KOTA,Kota
Rajasthan,KOTAH,Kota
Rajasthan,NAGAUR,Nagaur
Rajasthan,NAGOUR,Nagaur
Rajasthan,PALI,Pali
Rajasthan,PRATAPGARH,Pratapgarh
Rajasthan,RAJASTHAN,Rajasthan
Rajasthan,RAJSAMAD,Rajsamand
Rajasthan,RAJSAMAND,Rajsamand
Rajasthan,S. MADHOPUR,Sawai Madhopur
Rajasthan,SAWAI MADHOPUR,Sawai Madhopur
Rajasthan,SAWAI-MADHOPUR,Sawai Madhopur
Rajasthan,SIKAR,Sikar
Rajasthan,SIROHI,Sirohi
Rajasthan,TANK,Tonk
Rajasthan,TOLAT,NA
Rajasthan,TONK,Tonk
Rajasthan,TOTAL,Total
Rajasthan,UDAIPUR,Udaipur
Saurashtra,GOHILWAD,Gohilwad
Saurashtra,HALAR,Halar
Saurashtra,MADHYA SAURASHTRA,NA
Saurashtra,SORATH,Sorath
Saurashtra,ZALAWAD,Zalawad
Sikkim,EAST DISTRICT,East
Sikkim,EAST SIKKIM,East
Sikkim,NORTH DISTRICT,North Sikkim
Sikkim,NORTH SIKKIM,North Sikkim
Sikkim,SIKKIM,Sikkim
Sikkim,SOUTH DISTRICT,South Sikkim
Sikkim,SOUTH SIKKIM,South Sikkim
Sikkim,WEST DISTRICT,West Sikkim
Sikkim,WEST SIKKIM,West Sikkim
Tamil Nadu,ANNA,Dindigul
Tamil Nadu,ANNA (DINDIGUL),Dindigul
Tamil Nadu,ARIYALUR,Ariyalur
Tamil Nadu,CHECK,NA
Tamil Nadu,CHENGAI ANNA,Chengalpattu
Tamil Nadu,CHENGALPATTU,Chengalpattu
Tamil Nadu,CHENGALPATTU MGR,Chengalpattu
Tamil Nadu,CHENGLEPUT,Chengalpattu
Tamil Nadu,CHENNAI,Chennai
Tamil Nadu,CHIDAMBARANAR,Thoothukudi
Tamil Nadu,CHINGLAPUT,Chengalpattu
Tamil Nadu,CHINGLEPUT,Chengalpattu
Tamil Nadu,COIMBATORE,Coimbatore
Tamil Nadu,CUDDALORE,Cuddalore
Tamil Nadu,CUDDALORE (S.ARCOT),Cuddalore
Tamil Nadu,DHARAMPURI,Dharmapuri
Tamil Nadu,DHARMAPURI,Dharmapuri
Tamil Nadu,DHARMPURI,Dharmapuri
Tamil Nadu,DINDIGUL,Dindigul
Tamil Nadu,DINDIGUL-ANNA,Dindigul
Tamil Nadu,DINDUGUL,Dindigul
Tamil Nadu,ERODE,Erode
Tamil Nadu,KAMARAJAR,Virudhunagar
Tamil Nadu,KAMRAJA,Virudhunagar
Tamil Nadu,KAMRAJAR,Virudhunagar
Tamil Nadu,KANCHEEPURAM,Kancheepuram
Tamil Nadu,KANCHEEPURAM / KANCHIPURAM,Kancheepuram
Tamil Nadu,KANCHIPURAM,Kancheepuram
Tamil Nadu,KANNIYAKUMARI,Kanniyakumari
Tamil Nadu,KANNYAKUMARI,Kanniyakumari
Tamil Nadu,KANYA KUMARI,Kanniyakumari
Tamil Nadu,KANYAKUMARI,Kanniyakumari
Tamil Nadu,KARUR,Karur
Tamil Nadu,KRISHNAGIRI,Krishnagiri
Tamil Nadu,MADHURAI,Madurai
Tamil Nadu,MADRAS,Chennai
Tamil Nadu,MADURAI,Madurai
Tamil Nadu,MUTHURAMALINGAM,Sivaganga
Tamil Nadu,MUTHURAMLINGAM(PASUMPON),Sivaganga
Tamil Nadu,N. ARCOT,North Arcot
Tamil Nadu,NAGAPATTINAM,Nagapattinam
Tamil Nadu,NAGAPATTINAM (QUID- MILLETH),Nagapattinam
Tamil Nadu,NAGAPATTINAM-QUIAD MILLETH,Nagapattinam
Tamil Nadu,NAMAKKAL,Namakkal
Tamil Nadu,NILGIRIS,Nilgiris
Tamil Nadu,NORTH ARCOT,North Arcot
Tamil Nadu,NORTH ARCOT \ AMBEDKAR,North Arcot
Tamil Nadu,P. MUTHURAMALINGAM,Sivaganga
Tamil Nadu,PERAMBALUR,Perambalur
Tamil Nadu,PERIYAR,Erode
Tamil Nadu,PUDUKKOTAI,Pudukkottai
Tamil Nadu,PUDUKKOTTAI,Pudukkottai
Tamil Nadu,PUDUKOTTAI,Pudukkottai
Tamil Nadu,RAKANATHAPURAM,Ramanathapuram
Tamil Nadu,RAMANATHAPURA,Ramanathapuram
Tamil Nadu,RAMANATHAPURAM,Ramanathapuram
Tamil Nadu,RAMANTHAPURAM,Ramanathapuram
Tamil Nadu,RAMNATH PURAM,Ramanathapuram
Tamil Nadu,RAMNATHAPURAM,Ramanathapuram
Tamil Nadu,S. ARCOT,South Arcot
Tamil Nadu,SALEM,Salem
Tamil Nadu,SIVAGANGA,Sivaganga
Tamil Nadu,SOUTH ARCOT,South Arcot
Tamil Nadu,SOUTH ARCOT VALLAL,South Arcot
Tamil Nadu,TAMIL NADU,Tamil Nadu
Tamil Nadu,TANJAVUR,Thanjavur
Tamil Nadu,TANJORE,Tanjore
Tamil Nadu,THANJAVAR,Thanjavur
Tamil Nadu,THANJAVUR,Thanjavur
Tamil Nadu,THE NILGIRIS,Nilgiris
Tamil Nadu,THENI,Theni
Tamil Nadu,THIRUCHIRAPALL,Tiruchchirappalli
Tamil Nadu,THIRUNELVELI,Tirunelveli Kattabo
Tamil Nadu,THIRUVALLUR,Thiruvallur
Tamil Nadu,THIRUVANNAMALAI,Tiruvannamalai
Tamil Nadu,THIRUVARUR,Thiruvarur
Tamil Nadu,THOOTHUGUDI,Thoothukudi
Tamil Nadu,THOOTHUKKUDI,Thoothukudi
Tamil Nadu,TIRANJAVUR,Thanjavur
Tamil Nadu,TIRINELVELI,Tirunelveli Kattabo
Tamil Nadu,TIRUCHIRAPALI,Tiruchchirappalli
Tamil Nadu,TIRUCHIRAPALLI,Tiruchchirappalli
Tamil Nadu,TIRUCHIRAPALLI / TRICHY,Tiruchchirappalli
Tamil Nadu,TIRUCHIRAPELLI,Tiruchchirappalli
Tamil Nadu,TIRUCHIRAPPALLI,Tiruchchirappalli
Tamil Nadu,TIRUNELVEI,Tirunelveli Kattabo
Tamil Nadu,TIRUNELVELI,Tirunelveli Kattabo
Tamil Nadu,TIRUNELVELI KATTABOMMAN,Tirunelveli Kattabo
Tamil Nadu,TIRUPPUR,Tiruppur
Tamil Nadu,TIRUVALLUR,Thiruvallur
Tamil Nadu,TIRUVANNAMALAI,Tiruvannamalai
Tamil Nadu,TIRUVANNAMALAI SAMBUVARAYAR,Tiruvannamalai
Tamil Nadu,TIRUVANNMALAI,Tiruvannamalai
Tamil Nadu,TIRUVARUR,Thiruvarur
Tamil Nadu,TOTAL,Total
Tamil Nadu,TRICHIRAPPALLI,Tiruchchirappalli
Tamil Nadu,TUTICORIN,Thoothukudi
Tamil Nadu,TUTICORIN DISTRICT,Thoothukudi
Tamil Nadu,V.O. CHIDAMBARANAR,Thoothukudi
Tamil Nadu,VELLORE,Vellore
Tamil Nadu,VELLORE (N.ARCOT),Vellore
Tamil Nadu,VILLUPPURAM,Villupuram
Tamil Nadu,VILLUPURAM,Villupuram
Tamil Nadu,VILUPPURAM,Villupuram
Tamil Nadu,VIRUDHUNAGAR,Virudhunagar
Tamil Nadu,VIRUDUNAGAR,Virudhunagar
Tripura,CHECK,NA
Tripura,DHALAI,Dhalai
Tripura,NORTH,North Tripura
Tripura,NORTH TRIPURA,North Tripura
Tripura,SOUTH,South Tripura
Tripura,SOUTH TRIPURA,South Tripura
Tripura,TIRPURA,Tripura
Tripura,TOTAL,Total
Tripura,TRIPURA,Tripura
Tripura,WEST,West Tripura
Tripura,WEST TRIPURA,West Tripura
Uttar Pradesh,AGRA,Agra
Uttar Pradesh,ALIGARH,Aligarh
Uttar Pradesh,ALIGRAH,Aligarh
Uttar Pradesh,ALLAHABAD,Allahabad
Uttar Pradesh,ALMORA,Almora
Uttar Pradesh,ALMORA & PITHORGARH,Almora
Uttar Pradesh,ALMORA PITHORAGARH,Almora
Uttar Pradesh,ALMORAH,Almora
Uttar Pradesh,AMBEDAKAR NAGAR,Ambedkar Nagar
Uttar Pradesh,AMBEDKAR,Ambedkar Nagar
Uttar Pradesh,AMBEDKAR NAGAR,Ambedkar Nagar
Uttar Pradesh,AMETHI,Amethi
Uttar Pradesh,AMROHA,Jyotiba Phule Nagar
Uttar Pradesh,AURAIYA,Auraiya
Uttar Pradesh,AZAMGARH,Azamgarh
Uttar Pradesh,BADAUN,Badaun
Uttar Pradesh,BAGESHWAR,Bageshwar
Uttar Pradesh,BAGHPAT,Baghpat
Uttar Pradesh,BAGPAT,Baghpat
Uttar Pradesh,BAHARAICH,Bahraich
Uttar Pradesh,BAHRAICH,Bahraich
Uttar Pradesh,BALLIA,Ballia
Uttar Pradesh,BALRAMPUR,Balrampur
Uttar Pradesh,BANARAS,Varanasi
Uttar Pradesh,BANDA,Banda
Uttar Pradesh,BARA BANKI,Bara Banki
Uttar Pradesh,BARABANKI,Bara Banki
Uttar Pradesh,BAREILLY,Bareilly
Uttar Pradesh,BASTI,Basti
Uttar Pradesh,BIJNOR,Bijnor
Uttar Pradesh,BIJNORE,Bijnor
Uttar Pradesh,BUDAUN,Badaun
Uttar Pradesh,BUDUAN,Badaun
Uttar Pradesh,BULAND SAHAR,Bulandshahr
Uttar Pradesh,BULANDSAHAR,Bulandshahr
Uttar Pradesh,BULANDSHAHAR,Bulandshahr
Uttar Pradesh,BULANDSHAHER,Bulandshahr
Uttar Pradesh,BULANDSHAHR,Bulandshahr
Uttar Pradesh,BULANDSHARHR,Bulandshahr
Uttar Pradesh,BULLANDSHAHR,Bulandshahr
Uttar Pradesh,CHAMOLI,Chamoli
Uttar Pradesh,CHAMOLI(GOPESHWAR),Chamoli
Uttar Pradesh,CHAMPAWAT,Champawat
Uttar Pradesh,CHANDAULI,Chandauli
Uttar Pradesh,CHECK,NA
Uttar Pradesh,CHITRAKOOT,Chitrakoot
Uttar Pradesh,CHITRAKUT,Chitrakoot
Uttar Pradesh,DEHARDUN,Dehra Dun
Uttar Pradesh,DEHRA DUN,Dehra Dun
Uttar Pradesh,DEHRADUN,Dehra Dun
Uttar Pradesh,DEORIA,Deoria
Uttar Pradesh,DEVARIA,Deoria
Uttar Pradesh,ETAH,Etah
Uttar Pradesh,ETAWAH,Etawah
Uttar Pradesh,FAIZABAD,Faizabad
Uttar Pradesh,FARRUKHABAD,Farrukhabad
Uttar Pradesh,FARRUKKABAD,Farrukhabad
Uttar Pradesh,FARUKHABAD,Farrukhabad
Uttar Pradesh,FATEHPUR,Fatehpur
Uttar Pradesh,FEROZABAD,Firozabad
Uttar Pradesh,FIROZABAD,Firozabad
Uttar Pradesh,FYZABAD,Faizabad
Uttar Pradesh,GARHWAL,Garhwal
Uttar Pradesh,GARHWAL & CHAMOLI,Garhwal
Uttar Pradesh,GARHWAL CHAMOLI,Garhwal
Uttar Pradesh,GAUTAM BUDDHA,Gautam Buddha Nagar
Uttar Pradesh,GAUTAM BUDDHA NAGAR,Gautam Buddha Nagar
Uttar Pradesh,GAUTAM BUDHA NAGAR,Gautam Buddha Nagar
Uttar Pradesh,GHAZIABAD,Ghaziabad
Uttar Pradesh,GHAZIPUR,Ghazipur
Uttar Pradesh,GONDA,Gonda
Uttar Pradesh,GORAKHPUR,Gorakhpur
Uttar Pradesh,HAMIRPUR,Hamirpur
Uttar Pradesh,HARDOI,Hardoi
Uttar Pradesh,HARDWAR,Haridwar
Uttar Pradesh,HARIDWAR,Haridwar
Uttar Pradesh,HATHARAS,Hathras
Uttar Pradesh,HATHRAS,Hathras
Uttar Pradesh,HATHRAS / MAHAMAYA NAGAR,Hathras
Uttar Pradesh,HILLYU. DISTT TOTAL,NA
Uttar Pradesh,J B FULE NAGAR,Jyotiba Phule Nagar
Uttar Pradesh,JALAUN,Jalaun
Uttar Pradesh,JANUPUR,Jaunpur
Uttar Pradesh,JAUNPUR,Jaunpur
Uttar Pradesh,JBFLUE NAGAR,Jyotiba Phule Nagar
Uttar Pradesh,JHANSI,Jhansi
Uttar Pradesh,JYOTIBA PHULE NAGAR,Jyotiba Phule Nagar
Uttar Pradesh,JYOTIBA PHULE NAGAR / AMROHA,Jyotiba Phule Nagar
Uttar Pradesh,JYOTIBA PHULENAGAR,Jyotiba Phule Nagar
Uttar Pradesh,KANNAUJ,Kannauj
Uttar Pradesh,KANPUR,Kanpur
Uttar Pradesh,KANPUR (C),Kanpur
Uttar Pradesh,KANPUR (CITY),Kanpur
Uttar Pradesh,KANPUR (D),Kanpur Dehat
Uttar Pradesh,KANPUR (DEHAT),Kanpur Dehat
Uttar Pradesh,KANPUR (S),Kanpur Dehat
Uttar Pradesh,KANPUR DEHAT,Kanpur Dehat
Uttar Pradesh,KANPUR NAGAR,Kanpur
Uttar Pradesh,KANPUR(CITY),Kanpur
Uttar Pradesh,KASGANJ,Kasganj
Uttar Pradesh,KANSHIRAM NAGAR,Kasganj
Uttar Pradesh,KAUSHAMBI,Kaushambi
Uttar Pradesh,KHERI,Lakhimpur Kheri
Uttar Pradesh,KHIRI,Lakhimpur Kheri
Uttar Pradesh,KOSHAMBHI,Kaushambi
Uttar Pradesh,KUSHI NAGAR,Kushinagar
Uttar Pradesh,KUSHINAGAR,Kushinagar
Uttar Pradesh,LALITPUR,Lalitpur
Uttar Pradesh,LUCKNOW,Lucknow
Uttar Pradesh,MAHA MAYA NAGAR,Hathras
Uttar Pradesh,MAHAMAYA NAGAR,Hathras
Uttar Pradesh,MAHARAJ GANJ,Maharajganj
Uttar Pradesh,MAHARAJGANJ,Maharajganj
Uttar Pradesh,MAHOBA,Mahoba
Uttar Pradesh,MAHRAJAGANJ,Maharajganj
Uttar Pradesh,MAHRAJGANJ,Maharajganj
Uttar Pradesh,MAINPURI,Mainpuri
Uttar Pradesh,MATHURA,Mathura
Uttar Pradesh,MAU,Mau
Uttar Pradesh,MEERUT,Meerut
Uttar Pradesh,MERRUT,Meerut
Uttar Pradesh,MIRZAPUR,Mirzapur
Uttar Pradesh,MORADABAD,Moradabad
Uttar Pradesh,MUZAFFAR NAGAR,Muzaffarnagar
Uttar Pradesh,MUZAFFARNAGAR,Muzaffarnagar
Uttar Pradesh,MUZAFFER NAGAR,Muzaffarnagar
Uttar Pradesh,MUZZAFARNAGAR,Muzaffarnagar
Uttar Pradesh,NAINITAL,Naini Tal
Uttar Pradesh,NAINITAL (H.P.),Naini Tal
Uttar Pradesh,NAINITAL (HILL PORTION),Naini Tal
Uttar Pradesh,NAINITAL (M.P.),Naini Tal
Uttar Pradesh,NAINITAL(PLAINS),Naini Tal
Uttar Pradesh,PARTAPGARH,Pratapgarh
Uttar Pradesh,PAURI GARHWAL,Pauri Garhwal
Uttar Pradesh,PAURI GARWAL,Pauri Garhwal
Uttar Pradesh,PILIBHIT,Pilibhit
Uttar Pradesh,PITHORAGARH,Pithoragarh
Uttar Pradesh,PITHORGARH,Pithoragarh
Uttar Pradesh,PITTORGARH,Pithoragarh
Uttar Pradesh,PRATAPGARH,Pratapgarh
Uttar Pradesh,RAE BARELI,Rae Bareli
Uttar Pradesh,RAE-BARELI,Rae Bareli
Uttar Pradesh,RAE-BARELLI,Rae Bareli
Uttar Pradesh,RAE-BARELLY,Rae Bareli
Uttar Pradesh,RAEBARELI,Rae Bareli
Uttar Pradesh,RAEBARELY,Rae Bareli
Uttar Pradesh,RAI BARELI,Rae Bareli
Uttar Pradesh,RAI BARELIY,Rae Bareli
Uttar Pradesh,RAI-BARELI,Rae Bareli
Uttar Pradesh,RAIBARELI,Rae Bareli
Uttar Pradesh,RAMPUR,Rampur
Uttar Pradesh,RUDRA PRAYAG,Rudra Prayag
Uttar Pradesh,S.RAVI DAS NAGAR,Sant Ravi Das Nagar
Uttar Pradesh,S.RAVI DAS NGR,Sant Ravi Das Nagar
Uttar Pradesh,SAHARANPUR,Saharanpur
Uttar Pradesh,SANT KABIR NAGAR,Sant Kabir Nagar
Uttar Pradesh,SANT KABIR NGR,Sant Kabir Nagar
Uttar Pradesh,SANT KABEER NAGAR,Sant Kabir Nagar
Uttar Pradesh,SANT RAVI DAS NAGAR,Sant Ravi Das Nagar
Uttar Pradesh,SANT RAVIDAS NAGAR,Sant Ravi Das Nagar
Uttar Pradesh,SANT RAVIDAS NAGAR - BHADOHI,Sant Ravi Das Nagar
Uttar Pradesh,SANT RAVIDAS NAGAR / BHADOHI,Sant Ravi Das Nagar
Uttar Pradesh,SHAHJAHANPUR,Shahjahanpur
Uttar Pradesh,SHAHJANPUR,Shahjahanpur
Uttar Pradesh,SHAHUJI MAHARAJ NAGAR,Amethi
Uttar Pradesh,SHAJAHANPUR,Shahjahanpur
Uttar Pradesh,SHARANPUR,Saharanpur
Uttar Pradesh,SHRAVASTI,Shravasti
Uttar Pradesh,SHRAWASTI,Shravasti
Uttar Pradesh,SIDDHARTH NAGAR,Siddharth Nagar
Uttar Pradesh,SIDDHARTHNAGAR,Siddharth Nagar
Uttar Pradesh,SIDHARATHNAGAR,Siddharth Nagar
Uttar Pradesh,SIDHARTH NAGAR,Siddharth Nagar
Uttar Pradesh,SIDHARTHA,Siddharth Nagar
Uttar Pradesh,SITAPUR,Sitapur
Uttar Pradesh,SOMBHADRA,Sonbhadra
Uttar Pradesh,SONBHADRA,Sonbhadra
Uttar Pradesh,SULTANPUR,Sultanpur
Uttar Pradesh,TEHRI GARHWAL,Tehri Garhwal
Uttar Pradesh,TEHRI GARHWAL & UTTAR KANSHI,Tehri Garhwal
Uttar Pradesh,TEHRI GARHWAL & UTTAR KASHI,Tehri Garhwal
Uttar Pradesh,TEHRIGARHWAL,Tehri Garhwal
Uttar Pradesh,TOTAL,Total
Uttar Pradesh,UDHAM SINGH,Udham Singh Nagar
Uttar Pradesh,UDHAMSINGH NAGAR,Udham Singh Nagar
Uttar Pradesh,UNAO,Unnao
Uttar Pradesh,UNNAO,Unnao
Uttar Pradesh,UTTAR KANSHI,Uttarkashi
Uttar Pradesh,UTTAR KASHI,Uttarkashi
Uttar Pradesh,UTTAR PRADESH,Uttar Pradesh
Uttar Pradesh,UTTARKASHI,Uttarkashi
Uttar Pradesh,VARANASI,Varanasi
Uttarakhand,ALMORA,Almora
Uttarakhand,ALMORAH,Almora
Uttarakhand,BAGESHWAR,Bageshwar
Uttarakhand,CHAMOLI,Chamoli
Uttarakhand,CHAMPAWAT,Champawat
Uttarakhand,DEHARDUN,Dehra Dun
Uttarakhand,DEHRA DUN,Dehra Dun
Uttarakhand,DEHRADUN,Dehra Dun
Uttarakhand,GARHWAL,Garhwal
Uttarakhand,HARDWAR,Haridwar
Uttarakhand,HARIDWAR,Haridwar
Uttarakhand,NAINITAL,Naini Tal
Uttarakhand,PAURI,Pauri Garhwal
Uttarakhand,PAURI GARHWAL,Pauri Garhwal
Uttarakhand,PITHORAGARH,Pithoragarh
Uttarakhand,PITTORGARH,Pithoragarh
Uttarakhand,RUDRAPRAYAG,Rudra Prayag
Uttarakhand,TEHRI GARHWAL,Tehri Garhwal
Uttarakhand,TEHRI GARWAL,Tehri Garhwal
Uttarakhand,TOTAL,Total
Uttarakhand,UDHAM SINGH,Udham Singh Nagar
Uttarakhand,UDHAM SINGH NAGAR,Udham Singh Nagar
Uttarakhand,UDAM SINGH NAGAR,Udham Singh Nagar
Uttarakhand,UTTAR KASHI,Uttarkashi
Uttarakhand,UTTARAKHAND,Uttarakhand
Uttarakhand,UTTARANCHAL,Uttarakhand
Uttarakhand,UTTARKASHI,Uttarkashi
West Bengal,24 PARAGANAS,24 Parganas
West Bengal,24 PARGANAS,24 Parganas
West Bengal,24-PARAGANAS,24 Parganas
West Bengal,24-PARGANAS,24 Parganas
West Bengal,24-PARGANAS (N),North 24 Parganas
West Bengal,24-PARGANAS (S),South 24 Parganas
West Bengal,24-PARGANAS(N),North 24 Parganas
West Bengal,25-PARGANAS,24 Parganas
West Bengal,25-PARGANAS (N),North 24 Parganas
West Bengal,25-PARGANAS (S),South 24 Parganas
West Bengal,26-PARGANAS,24 Parganas
West Bengal,26-PARGANAS (N),North 24 Parganas
West Bengal,26-PARGANAS (S),South 24 Parganas
West Bengal,27-PARGANAS,24 Parganas
West Bengal,27-PARGANAS (N),North 24 Parganas
West Bengal,27-PARGANAS (S),South 24 Parganas
West Bengal,28-PARGANAS,24 Parganas
West Bengal,29-PARGANAS,24 Parganas
West Bengal,30-PARGANAS,24 Parganas
West Bengal,30-PARGANAS (N),North 24 Parganas
West Bengal,30-PARGANAS (S),South 24 Parganas
West Bengal,31-PARGANAS,24 Parganas
West Bengal,31-PARGANAS (N),North 24 Parganas
West Bengal,31-PARGANAS (S),South 24 Parganas
West Bengal,32-PARGANAS,24 Parganas
West Bengal,32-PARGANAS (N),North 24 Parganas
West Bengal,32-PARGANAS (S),South 24 Parganas
West Bengal,33-PARGANAS,24 Parganas
West Bengal,33-PARGANAS (N),North 24 Parganas
West Bengal,33-PARGANAS (S),South 24 Parganas
West Bengal,34-PARGANAS,24 Parganas
West Bengal,34-PARGANAS (N),North 24 Parganas
West Bengal,34-PARGANAS (S),South 24 Parganas
West Bengal,35-PARGANAS,24 Parganas
West Bengal,35-PARGANAS (N),North 24 Parganas
West Bengal,35-PARGANAS (S),South 24 Parganas
West Bengal,36-PARGANAS,24 Parganas
West Bengal,36-PARGANAS (N),North 24 Parganas
West Bengal,36-PARGANAS (S),South 24 Parganas
West Bengal,37-PARGANAS,24 Parganas
West Bengal,37-PARGANAS (N),North 24 Parganas
West Bengal,37-PARGANAS (S),South 24 Parganas
West Bengal,38-PARGANAS,24 Parganas
West Bengal,38-PARGANAS (N),North 24 Parganas
West Bengal,38-PARGANAS (S),South 24 Parganas
West Bengal,39-PARGANAS,24 Parganas
West Bengal,39-PARGANAS (N),North 24 Parganas
West Bengal,39-PARGANAS (S),South 24 Parganas
West Bengal,40-PARGANAS,24 Parganas
West Bengal,40-PARGANAS (N),North 24 Parganas
West Bengal,40-PARGANAS (S),South 24 Parganas
West Bengal,41-PARGANAS,24 Parganas
West Bengal,41-PARGANAS (N),North 24 Parganas
West Bengal,41-PARGANAS (S),South 24 Parganas
West Bengal,42-PARGANAS,24 Parganas
West Bengal,42-PARGANAS (N),North 24 Parganas
West Bengal,42-PARGANAS (S),South 24 Parganas
West Bengal,43-PARGANAS,24 Parganas
West Bengal,43-PARGANAS (N),North 24 Parganas
West Bengal,43-PARGANAS (S),South 24 Parganas
West Bengal,44-PARGANAS,24 Parganas
West Bengal,44-PARGANAS (N),North 24 Parganas
West Bengal,44-PARGANAS (S),South 24 Parganas
West Bengal,45-PARGANAS,24 Parganas
West Bengal,45-PARGANAS (N),North 24 Parganas
West Bengal,45-PARGANAS (S),South 24 Parganas
West Bengal,46-PARGANAS,24 Parganas
West Bengal,46-PARGANAS (N),North 24 Parganas
West Bengal,46-PARGANAS (S),South 24 Parganas
West Bengal,47-PARGANAS,24 Parganas
West Bengal,47-PARGANAS (N),North 24 Parganas
West Bengal,47-PARGANAS (S),South 24 Parganas
West Bengal,48-PARGANAS,24 Parganas
West Bengal,48-PARGANAS (N),North 24 Parganas
West Bengal,48-PARGANAS (S),South 24 Parganas
West Bengal,49-PARGANAS,24 Parganas
West Bengal,49-PARGANAS (N),North 24 Parganas
West Bengal,49-PARGANAS (S),South 24 Parganas
West Bengal,50-PARGANAS,24 Parganas
West Bengal,50-PARGANAS (N),North 24 Parganas
West Bengal,50-PARGANAS (S),South 24 Parganas
West Bengal,51-PARGANAS,24 Parganas
West Bengal,51-PARGANAS (N),North 24 Parganas
West Bengal,51-PARGANAS (S),South 24 Parganas
West Bengal,52-PARGANAS,24 Parganas
West Bengal,52-PARGANAS (N),North 24 Parganas
West Bengal,52-PARGANAS (S),South 24 Parganas
West Bengal,53-PARGANAS,24 Parganas
West Bengal,53-PARGANAS (N),North 24 Parganas
West Bengal,53-PARGANAS (S),South 24 Parganas
West Bengal,54-PARGANAS,24 Parganas
West Bengal,54-PARGANAS (N),North 24 Parganas
West Bengal,54-PARGANAS (S),South 24 Parganas
West Bengal,55-PARGANAS (N),North 24 Parganas
West Bengal,55-PARGANAS (S),South 24 Parganas
West Bengal,56-PARGANAS (N),North 24 Parganas
West Bengal,56-PARGANAS (S),South 24 Parganas
West Bengal,57-PARGANAS (N),North 24 Parganas
West Bengal,57-PARGANAS (S),South 24 Parganas
West Bengal,58-PARGANAS (N),North 24 Parganas
West Bengal,58-PARGANAS (S),South 24 Parganas
West Bengal,59-PARGANAS (N),North 24 Parganas
West Bengal,59-PARGANAS (S),South 24 Parganas
West Bengal,60-PARGANAS (N),North 24 Parganas
West Bengal,60-PARGANAS (S),South 24 Parganas
West Bengal,61-PARGANAS (N),North 24 Parganas
West Bengal,61-PARGANAS (S),South 24 Parganas
West Bengal,62-PARGANAS (N),North 24 Parganas
West Bengal,62-PARGANAS (S),South 24 Parganas
West Bengal,63-PARGANAS (S),South 24 Parganas
West Bengal,24 PARAGANAS NORTH,North 24 Parganas
West Bengal,24 PARAGANAS SOUTH,South 24 Parganas
West Bengal,BANKURA,Bankura
West Bengal,BARDDHAMAN,Barddhaman
West Bengal,BARDHAMAN,Barddhaman
West Bengal,BIRBHUM,Birbhum
West Bengal,BURDWAN,Barddhaman
West Bengal,CALCUTTA,Kolkata
West Bengal,CHECK,NA
West Bengal,COCH-BEHAR,Kochbihar
West Bengal,COOCH BEHAR,Kochbihar
West Bengal,COOCH-BEHAR,Kochbihar
West Bengal,COOCHBEHAR,Kochbihar
West Bengal,DAKSHIN DINAJPUR,Dakshin Dinajpur
West Bengal,DINAJPUR DAKSHIN,Dakshin Dinajpur
West Bengal,DARJEELING,Darjiling
West Bengal,DARJEELLING,Darjiling
West Bengal,DARJILING,Darjiling
West Bengal,DINAJPUR,Dinajpur
West Bengal,DINAJPUR (NORTH),Uttar Dinajpur
West Bengal,DINAJPUR UTTAR,Uttar Dinajpur
West Bengal,DINAJPUR (SOUTH),Dakshin Dinajpur
West Bengal,EAST / PURBA MEDINIPUR,East Midnapore
West Bengal,HAORA,Haora
West Bengal,HOOGHLY,Hugli
West Bengal,HOOGLY,Hugli
West Bengal,HOWARH,Haora
West Bengal,HOWRAH,Haora
West Bengal,HUGLI,Hugli
West Bengal,ISLAMPUR,Uttar Dinajpur
West Bengal,JALPAIGURI,Jalpaiguri
West Bengal,KOCH BEHAR,Kochbihar
West Bengal,KOCH BIHAR,Kochbihar
West Bengal,MALDA,Maldah
West Bengal,MALDAH,Maldah
West Bengal,MIDNAPORE,Midnapore
West Bengal,MIDNAPORE (E),East Midnapore
West Bengal,MEDINIPUR EAST,East Midnapore
West Bengal,MEDINIPUR WEST,West Midnapore
West Bengal,MIDNAPUR,Midnapore
West Bengal,MIDNAPUR (E),East Midnapore
West Bengal,MIDNAPUR (EAST),East Midnapore
West Bengal,MIDNAPUR (W),West Midnapore
West Bengal,MIDNAPUR (WEST),West Midnapore
West Bengal,MURSHIDABAD,Murshidabad
West Bengal,MUSHIDABAD,Murshidabad
West Bengal,NADIA,Nadia
West Bengal,NORTH / UTTAR DINAJPUR,Uttar Dinajpur
West Bengal,NORTH 24 PARGANAS,North 24 Parganas
West Bengal,NORTH TWENTY FOUR PARGANAS,North 24 Parganas
West Bengal,PASCHIM MEDINIPUR,West Midnapore
West Bengal,PASHCHIM MIDNAPORE,West Midnapore
West Bengal,PURBA MEDINIPUR,East Midnapore
West Bengal,PURBA MIDNAPORE,East Midnapore
West Bengal,PURILIYA,Puruliya
West Bengal,PURULIA,Puruliya
West Bengal,PURULIYA,Puruliya
West Bengal,SOUTH / DAKSHIN DINAJPUR,Dakshin Dinajpur
West Bengal,SOUTH 24 PARGANAS,South 24 Parganas
West Bengal,SOUTH TWENTY FOUR PARGANAS,South 24 Parganas
West Bengal,TOTAL,Total
West Bengal,UTTAR DINAJPUR,Uttar Dinajpur
West Bengal,WEST / PASCHIM MEDINIPUR,West Midnapore
West Bengal,WEST BENGAL,West Bengal
West Bengal,WEST DINAJPUR,West Dinajpur
West Bengal,WEST DINAJPUR (DINAJPUR-N & S),West Dinajpur
